file_path,trust_hits,scholar_bib,scholar_page,s2,crossref,openreview,arxiv,openalex,pubmed,europepmc,doi_csl,doi_bibtex
output/Abidi (fzr2PUYAAAAJ)/Ren2025-ScaleReasonEvolve.bib,1,0,1,0,0,0,0,0,0,0,0,0
output/Abidi (fzr2PUYAAAAJ)/Naqvi2025-KidneyAllocation.bib,6,0,1,1,1,0,0,1,0,0,1,1
output/Abidi (fzr2PUYAAAAJ)/Woensel2025-SemanticDiscovery.bib,6,0,1,1,1,0,0,1,0,0,1,1
output/Abidi (fzr2PUYAAAAJ)/Kureshi2025-TBIHeterogeneity.bib,5,0,1,0,1,0,0,1,0,0,1,1
output/Abidi (fzr2PUYAAAAJ)/Naqvi2025-DonorRecipientMatching.bib,6,0,1,1,1,0,0,1,0,0,1,1
output/Abidi (fzr2PUYAAAAJ)/Singh2025-KidneyPhenotypes.bib,6,0,1,1,1,0,0,1,0,0,1,1
output/Abidi (fzr2PUYAAAAJ)/Majouni2025-KidneyMatch.bib,6,0,1,1,1,0,0,1,0,0,1,1
output/Abidi (fzr2PUYAAAAJ)/Morris2025-DiabetesCKDAlgorithms.bib,6,0,1,1,1,0,0,1,0,0,1,1
output/Abidi (fzr2PUYAAAAJ)/Kureshi2024-TBIDeprivation.bib,6,0,1,1,1,0,0,1,0,0,1,1
output/Abidi (fzr2PUYAAAAJ)/Kureshi2024-TbiPhenotypeRisk.bib,6,0,1,1,1,0,0,1,0,0,1,1
output/Abidi (fzr2PUYAAAAJ)/Kureshi2024-HealthNeedsAnalysis.bib,6,0,1,1,1,0,0,1,0,0,1,1
output/Abidi (fzr2PUYAAAAJ)/Rad2024-DecisionPaths.bib,6,0,1,1,1,0,0,1,0,0,1,1
output/Abidi (fzr2PUYAAAAJ)/Mohammadhassanzadeh2024-HealthSemantics.bib,6,0,1,1,1,0,0,1,0,0,1,1
output/Abidi (fzr2PUYAAAAJ)/Kureshi2024-TBIHotspots.bib,6,0,1,1,1,0,0,1,0,0,1,1
output/Abidi (fzr2PUYAAAAJ)/Kureshi2024-TopoInjuryMortality.bib,6,0,1,1,1,0,0,1,0,0,1,1
output/Abidi (fzr2PUYAAAAJ)/Abidi2024-KidneyFrailty.bib,6,0,1,1,1,0,0,1,0,0,1,1
output/Abidi (fzr2PUYAAAAJ)/Abidi2024-PhenotypeClustering.bib,6,0,1,1,1,0,0,1,0,0,1,1
output/Abidi (fzr2PUYAAAAJ)/Majouni2024-DialysisPrediction.bib,6,0,1,1,1,0,0,1,0,0,1,1
output/Abidi (fzr2PUYAAAAJ)/Abidi2024-COPDManagement.bib,6,0,1,1,1,0,0,1,0,0,1,1
output/Abidi (fzr2PUYAAAAJ)/Eastwood2023-AIEmMedCanada.bib,5,0,0,1,1,0,0,1,0,0,1,1
output/Abidi (fzr2PUYAAAAJ)/Abidi2023-KidneyPhenotypes.bib,6,0,1,1,1,0,0,1,0,0,1,1
output/Abidi (fzr2PUYAAAAJ)/Woensel2023-WebGlean.bib,6,0,1,1,1,0,0,1,0,0,1,1
output/Abidi (fzr2PUYAAAAJ)/Woensel2023-CoPEvaluation.bib,5,0,0,1,1,0,0,1,0,0,1,1
output/Abidi (fzr2PUYAAAAJ)/Agyapong2023-WellnessZambia.bib,3,0,0,1,0,0,0,0,0,0,1,1
output/Abidi (fzr2PUYAAAAJ)/Liwski2023-RBCPhenotyping.bib,2,0,1,1,0,0,0,0,0,0,0,0
output/Abidi (fzr2PUYAAAAJ)/Youngshand2022-GaitPhenotypes.bib,4,0,0,1,0,0,0,1,0,0,1,1
output/Abidi (fzr2PUYAAAAJ)/Shezad2023-BuccalGraftClosure.bib,4,0,1,1,0,0,0,0,0,0,1,1
output/Abidi (fzr2PUYAAAAJ)/Ahmed2023-RenalStoneESWL.bib,4,0,1,1,0,0,0,0,0,0,1,1
output/Arnold (NsIbm80AAAAJ)/Huang2025-SurrogateEvolution.bib,5,0,0,1,1,0,0,1,0,0,1,1
output/Arnold (NsIbm80AAAAJ)/Hong2025-ExpensiveOptimization.bib,5,0,0,1,1,0,0,1,0,0,1,1
output/Arnold (NsIbm80AAAAJ)/Porter2024-AugmentedLagrangian.bib,5,0,0,1,1,0,0,1,0,0,1,1
output/Arnold (NsIbm80AAAAJ)/Arnold2024-MetricInvariant.bib,0,0,0,0,0,0,0,0,0,0,0,0
output/Arnold (NsIbm80AAAAJ)/Hong2023-EvoMixedInt.bib,5,0,0,1,1,0,0,1,0,0,1,1
output/Beiko (OmUy3vUAAAAJ)/Wlodarski2025-CARDkmer.bib,6,0,1,1,1,0,0,1,0,0,1,1
output/Beiko (OmUy3vUAAAAJ)/Fuss2025-MicrobiomeFrailty.bib,1,0,1,0,0,0,0,0,0,0,0,0
output/Beiko (OmUy3vUAAAAJ)/Beiko2025-CoevoQuantify.bib,6,0,1,1,1,0,0,1,0,0,1,1
output/Beiko (OmUy3vUAAAAJ)/Choudoir2025-MicrobiomeStewardship.bib,6,0,1,1,1,0,0,1,0,0,1,1
output/Beiko (OmUy3vUAAAAJ)/Haider2025-MicrobialDynamics.bib,6,0,1,1,1,0,0,1,0,0,1,1
output/Beiko (OmUy3vUAAAAJ)/Beiko2025-eDNAeRNAProfiling.bib,6,0,1,1,1,0,0,1,0,0,1,1
output/Beiko (OmUy3vUAAAAJ)/Hsu2025-WaaflenLGT.bib,6,0,1,1,1,0,0,1,0,0,1,1
output/Beiko (OmUy3vUAAAAJ)/Mane2024-PlasmidsEval.bib,6,0,1,1,1,0,0,1,0,0,1,1
output/Beiko (OmUy3vUAAAAJ)/Sonnichsen2024-MarineSensor.bib,6,0,1,1,1,0,0,1,0,0,1,1
output/Beiko (OmUy3vUAAAAJ)/Luy2024-eDNAsampler.bib,6,0,1,1,1,0,0,1,0,0,1,1
output/Beiko (OmUy3vUAAAAJ)/Wyngaarden2024-eDNAMonitoring.bib,6,0,1,1,1,0,0,1,0,0,1,1
output/Beiko (OmUy3vUAAAAJ)/Kim2024-EnterococcusML.bib,4,0,1,1,0,0,0,0,0,0,1,1
output/Beiko (OmUy3vUAAAAJ)/Creelman2024-eDNAcapture.bib,0,0,0,0,0,0,0,0,0,0,0,0
output/Beiko (OmUy3vUAAAAJ)/Haider2023-AmpliconTrim.bib,6,0,1,1,1,0,0,1,0,0,1,1
output/Beiko (OmUy3vUAAAAJ)/Hall2023-OralShifts.bib,7,0,0,1,1,0,0,1,1,1,1,1
output/Beiko (OmUy3vUAAAAJ)/Kafaie2023-GeneNeighborhoods.bib,6,0,1,1,1,0,0,1,0,0,1,1
output/Beiko (OmUy3vUAAAAJ)/Wilcox2023-GeneFlowConnectivity.bib,6,0,0,1,1,0,0,1,0,1,1,1
output/Beiko (OmUy3vUAAAAJ)/Hsu2023-GeneTransfer.bib,7,0,0,1,1,0,0,1,1,1,1,1
output/Beiko (OmUy3vUAAAAJ)/Liu2022-GeneCoevolution.bib,6,0,1,1,1,0,0,1,0,0,1,1
output/Beiko (OmUy3vUAAAAJ)/Hendricks2023-eDNAMonitor.bib,7,0,0,1,1,0,0,1,1,1,1,1
output/Beiko (OmUy3vUAAAAJ)/Alcock2022-CARDML.bib,7,0,0,1,1,0,0,1,1,1,1,1
output/Blustein (7g6iU9QAAAAJ)/Blustein2025-EarlyHypertext.bib,0,0,0,0,0,0,0,0,0,0,0,0
output/Blustein (7g6iU9QAAAAJ)/Matteo2024-FactWeb.bib,1,0,0,1,0,0,0,0,0,0,0,0
output/Blustein (7g6iU9QAAAAJ)/Blustein2023-HaikuTouch.bib,3,0,0,1,0,0,0,0,0,0,1,1
output/Blustein (7g6iU9QAAAAJ)/Alhejaili2023-AppTransparency.bib,5,0,0,1,1,0,0,1,0,0,1,1
output/Blustein (7g6iU9QAAAAJ)/Alhejaili2023-SearchSophistication.bib,5,0,0,1,1,0,0,1,0,0,1,1
output/Bodorik (wBYq09wAAAAJ)/Liu2025-TradeSupport.bib,6,0,1,1,1,0,0,1,0,0,1,1
output/Bodorik (wBYq09wAAAAJ)/Liu2025-BPMNContract.bib,3,0,0,1,0,0,0,0,0,0,1,1
output/Bodorik (wBYq09wAAAAJ)/Bodorik2024-ProvenanceFlows.bib,0,0,0,0,0,0,0,0,0,0,0,0
output/Bodorik (wBYq09wAAAAJ)/Liu2024-SmartContracts.bib,4,0,0,0,1,0,0,1,0,0,1,1
output/Bodorik (wBYq09wAAAAJ)/Bravo2024-AquaData.bib,5,0,0,1,1,0,0,1,0,0,1,1
output/Bodorik (wBYq09wAAAAJ)/Liu2024-BPMNContracts.bib,5,0,0,0,1,0,1,1,0,0,1,1
output/Bodorik (wBYq09wAAAAJ)/Liu2023-BlockchainTransactions.bib,4,0,0,0,1,0,0,1,0,0,1,1
output/Bodorik (wBYq09wAAAAJ)/Bodorik2023-BPMNToSmartContract.bib,5,0,0,1,1,0,0,1,0,0,1,1
output/Bordeleau (8Bug6mIAAAAJ)/Ahmed2025-GovtDigitalTransformation.bib,1,0,0,1,0,0,0,0,0,0,0,0
output/Bordeleau (8Bug6mIAAAAJ)/Bordeleau2025-InfoBottlenecks.bib,1,0,0,1,0,0,0,0,0,0,0,0
output/Bordeleau (8Bug6mIAAAAJ)/Bordeleau2024-EventValueCreation.bib,1,0,0,1,0,0,0,0,0,0,0,0
output/Brandt (OMA_KjcAAAAJ)/Solisreyes2025-PowerSeriesODE.bib,5,0,0,1,1,0,0,1,0,0,1,1
output/Brandt (OMA_KjcAAAAJ)/Trochez2025-MaplePowerSeries.bib,5,0,0,1,1,0,0,1,0,0,1,1
output/Brandt (OMA_KjcAAAAJ)/Brandt2023-KernelOptimizer.bib,1,0,0,1,0,0,0,0,0,0,0,0
output/Brandt (OMA_KjcAAAAJ)/Brandt2023-QuasiHypersurfaceIntersection.bib,5,0,0,1,1,0,0,1,0,0,1,1
output/Brandt (OMA_KjcAAAAJ)/Asadi2023-TriangularDecomposition.bib,5,0,0,1,1,0,0,1,0,0,1,1
output/Escobedo (lPSfdqAAAAAJ)/Cibrian2025-HandwritingLegibility.bib,5,0,0,1,1,0,0,1,0,0,1,1
output/Escobedo (lPSfdqAAAAAJ)/Lepesalazar2025-ReqDesign.bib,5,0,0,1,1,0,0,1,0,0,1,1
output/Escobedo (lPSfdqAAAAAJ)/Contreras2024-SafetyChatbots.bib,5,0,0,1,1,0,0,1,0,0,1,1
output/Escobedo (lPSfdqAAAAAJ)/Cibrian2024-PenLegibility.bib,5,0,0,1,1,0,0,1,0,0,1,1
output/Escobedo (lPSfdqAAAAAJ)/Wehbe2023-RealitySpectrum.bib,5,0,0,1,1,0,0,1,0,0,1,1
output/Escobedo (lPSfdqAAAAAJ)/Escobedo2023-EthicsIRB.bib,5,0,0,1,1,0,0,1,0,0,1,1
output/Escobedo (lPSfdqAAAAAJ)/Espinosa2023-AutismSupportTool.bib,5,0,0,1,1,0,0,1,0,0,1,1
output/Evans (NqlOPkMAAAAJ)/Romerogomez2025-InnovateSustain.bib,1,0,1,0,0,0,0,0,0,0,0,0
output/Evans (NqlOPkMAAAAJ)/Mubarak2025-InterdependencyNav.bib,6,0,1,1,1,0,0,1,0,0,1,1
output/Evans (NqlOPkMAAAAJ)/Shan2025-DecisionNeuroDigital.bib,6,0,1,1,1,0,0,1,0,0,1,1
output/Evans (NqlOPkMAAAAJ)/Mubarak2025-AIProductDev.bib,6,0,1,1,1,0,0,1,0,0,1,1
output/Evans (NqlOPkMAAAAJ)/Zhang2025-CyberbullyingHealthcare.bib,6,0,1,1,1,0,0,1,0,0,1,1
output/Evans (NqlOPkMAAAAJ)/Mubarak2025-OpenInnovationSMEs.bib,5,0,1,1,1,0,0,0,0,0,1,1
output/Evans (NqlOPkMAAAAJ)/Zeng2025-GovTrust.bib,6,0,1,1,1,0,0,1,0,0,1,1
output/Evans (NqlOPkMAAAAJ)/Acunacid2025-CrispNet.bib,6,0,1,1,1,0,0,1,0,0,1,1
output/Evans (NqlOPkMAAAAJ)/Deng2025-PersuasiveHealth.bib,6,0,1,1,1,0,0,1,0,0,1,1
output/Evans (NqlOPkMAAAAJ)/Mubarak2025-SocialDev.bib,6,0,1,1,1,0,0,1,0,0,1,1
output/Evans (NqlOPkMAAAAJ)/Chen2025-TalibanTwitter.bib,6,0,1,1,1,0,0,1,0,0,1,1
output/Evans (NqlOPkMAAAAJ)/Zhu2025-StrokeLLM.bib,6,0,1,1,1,0,0,1,0,0,1,1
output/Evans (NqlOPkMAAAAJ)/Cuvero2025-KnowledgeSpillovers.bib,2,0,1,1,0,0,0,0,0,0,0,0
output/Evans (NqlOPkMAAAAJ)/Mubarak2025-OpenInnovationNetworks.bib,5,0,1,0,1,0,0,1,0,0,1,1
output/Evans (NqlOPkMAAAAJ)/Shi2025-EnergyAI.bib,6,0,1,1,1,0,0,1,0,0,1,1
output/Evans (NqlOPkMAAAAJ)/Deng2025-TrustAI.bib,1,0,1,0,0,0,0,0,0,0,0,0
output/Evans (NqlOPkMAAAAJ)/Zhang2025-PatientEngagement.bib,6,0,1,1,1,0,0,1,0,0,1,1
output/Evans (NqlOPkMAAAAJ)/Shahzad2025-SMEInnovation.bib,6,0,1,1,1,0,0,1,0,0,1,1
output/Evans (NqlOPkMAAAAJ)/Dzandu2025-ResilienceInterventions.bib,6,0,1,1,1,0,0,1,0,0,1,1
output/Evans (NqlOPkMAAAAJ)/Mubarak2025-InnovationValue.bib,5,0,1,0,1,0,0,1,0,0,1,1
output/Evans (NqlOPkMAAAAJ)/Deng2025-PhysicianKnowledgeTransfer.bib,0,0,0,0,0,0,0,0,0,0,0,0
output/Evans (NqlOPkMAAAAJ)/Mubarak2025-InnovationSuccess.bib,5,0,0,1,1,0,0,1,0,0,1,1
output/Evans (NqlOPkMAAAAJ)/Forward2025-StrokeCareCanada.bib,6,0,1,1,1,0,0,1,0,0,1,1
output/Evans (NqlOPkMAAAAJ)/Deng2025-NetizenCOVID.bib,1,0,1,0,0,0,0,0,0,0,0,0
output/Evans (NqlOPkMAAAAJ)/Zhang2025-HealthWorkerEngagement.bib,6,0,1,1,1,0,0,1,0,0,1,1
output/Evans (NqlOPkMAAAAJ)/Dzandu2024-DigitalResilience.bib,6,0,1,1,1,0,0,1,0,0,1,1
output/Evans (NqlOPkMAAAAJ)/Shi2024-LanguageConcreteness.bib,6,0,1,1,1,0,0,1,0,0,1,1
output/Evans (NqlOPkMAAAAJ)/Romerogomez2024-MexicoHappiness.bib,6,0,1,1,1,0,0,1,0,0,1,1
output/Evans (NqlOPkMAAAAJ)/Jing2024-PatientDisclosure.bib,6,0,1,1,1,0,0,1,0,0,1,1
output/Evans (NqlOPkMAAAAJ)/Fan2024-ParentDecisions.bib,6,0,1,1,1,0,0,1,0,0,1,1
output/Evans (NqlOPkMAAAAJ)/Jing2024-ConsultationDecision.bib,6,0,1,1,1,0,0,1,0,0,1,1
output/Evans (NqlOPkMAAAAJ)/Mubarak2024-OpenInnovation.bib,6,0,1,1,1,0,0,1,0,0,1,1
output/Evans (NqlOPkMAAAAJ)/Mubarik2024-Industry4SupplyChain.bib,6,0,1,1,1,0,0,1,0,0,1,1
output/Evans (NqlOPkMAAAAJ)/Acunacid2024-HypertensionMexico.bib,6,0,1,1,1,0,0,1,0,0,1,1
output/Evans (NqlOPkMAAAAJ)/Chen2024-AICommunicationDynamics.bib,6,0,1,1,1,0,0,1,0,0,1,1
output/Evans (NqlOPkMAAAAJ)/Mubarak2024-MetaverseManufacturing.bib,5,0,0,1,1,0,0,1,0,0,1,1
output/Evans (NqlOPkMAAAAJ)/Deng2024-PhysicianSatisfaction.bib,6,0,1,1,1,0,0,1,0,0,1,1
output/Evans (NqlOPkMAAAAJ)/Shi2024-KnowledgeSearchMetaAnalysis.bib,5,0,0,1,1,0,0,1,0,0,1,1
output/Evans (NqlOPkMAAAAJ)/Shi2024-SolverMotivation.bib,4,0,0,0,1,0,0,1,0,0,1,1
output/Evans (NqlOPkMAAAAJ)/Wang2024-CrisisTrust.bib,6,0,1,1,1,0,0,1,0,0,1,1
output/Evans (NqlOPkMAAAAJ)/Mubarak2024-CollaborativeInnovation.bib,1,0,1,0,0,0,0,0,0,0,0,0
output/Evans (NqlOPkMAAAAJ)/Zhang2024-WearableChildHealth.bib,7,0,0,1,1,0,0,1,1,1,1,1
output/Evans (NqlOPkMAAAAJ)/Fayyad2024-WorkplaceWellbeing.bib,5,0,1,1,1,0,0,0,0,0,1,1
output/Evans (NqlOPkMAAAAJ)/Ye2024-ClinicConvergence.bib,6,0,1,1,1,0,0,1,0,0,1,1
output/Evans (NqlOPkMAAAAJ)/Zhang2023-GovTikTokEngagement.bib,5,0,0,1,1,0,0,1,0,0,1,1
output/Evans (NqlOPkMAAAAJ)/Zhang2024-HeartReadmissionPrediction.bib,6,0,1,1,1,0,0,1,0,0,1,1
output/Evans (NqlOPkMAAAAJ)/Zhang2023-AIMedEd.bib,5,0,0,1,1,0,0,1,0,0,1,1
output/Evans (NqlOPkMAAAAJ)/Zeng2024-ReactanceAvoidance.bib,6,0,1,1,1,0,0,1,0,0,1,1
output/Evans (NqlOPkMAAAAJ)/Chen2024-GovSocialCompliance.bib,5,0,0,1,1,0,0,1,0,0,1,1
output/Evans (NqlOPkMAAAAJ)/Shan2024-eWOMChoices.bib,5,0,0,1,1,0,0,1,0,0,1,1
output/Evans (NqlOPkMAAAAJ)/Wei2024-EcosystemStrategies.bib,5,0,0,1,1,0,0,1,0,0,1,1
output/Evans (NqlOPkMAAAAJ)/Shi2024-StarDiversity.bib,6,0,1,1,1,0,0,1,0,0,1,1
output/Evans (NqlOPkMAAAAJ)/Ahumadatello2023-TechRoadmap.bib,5,0,1,0,1,0,0,1,0,0,1,1
output/Evans (NqlOPkMAAAAJ)/Yin2023-PatientViolence.bib,6,0,0,1,1,0,0,1,0,1,1,1
output/Evans (NqlOPkMAAAAJ)/Zou2023-YouthCancerInfo.bib,6,0,1,1,1,0,0,1,0,0,1,1
output/Evans (NqlOPkMAAAAJ)/Zhang2024-MechatronicDesign.bib,5,0,1,1,1,0,0,0,0,0,1,1
output/Evans (NqlOPkMAAAAJ)/Ahumadatello2023-AIWellbeing.bib,6,0,1,1,1,0,0,1,0,0,1,1
output/Evans (NqlOPkMAAAAJ)/Romerogomez2023-MexicoHappiness.bib,6,0,1,1,1,0,0,1,0,0,1,1
output/Evans (NqlOPkMAAAAJ)/Zhang2022-HealthPolicyEvolution.bib,6,0,1,1,1,0,0,1,0,0,1,1
output/Evans (NqlOPkMAAAAJ)/Li2023-RegInvestChina.bib,6,0,1,1,1,0,0,1,0,0,1,1
output/Evans (NqlOPkMAAAAJ)/Zeng2023-MotherhoodSupport.bib,6,0,1,1,1,0,0,1,0,0,1,1
output/Evans (NqlOPkMAAAAJ)/Zhang2023-FrameVaccineUptake.bib,6,0,1,1,1,0,0,1,0,0,1,1
output/Evans (NqlOPkMAAAAJ)/Evans2022-GDPRModeration.bib,5,0,0,1,1,0,0,1,0,0,1,1
output/Evans (NqlOPkMAAAAJ)/Nwogu2023-ConsumerPLM.bib,6,0,1,1,1,0,0,1,0,0,1,1
output/Evans (NqlOPkMAAAAJ)/Sahli2023-AIManufacturing.bib,6,0,1,1,1,0,0,1,0,0,1,1
output/Evans (NqlOPkMAAAAJ)/Biggadike2023-CultureLeadership.bib,5,0,0,1,1,0,0,1,0,0,1,1
output/Evans (NqlOPkMAAAAJ)/Cuvero2022-EcoSpilloverInnovation.bib,5,0,0,1,1,0,0,1,0,0,1,1
output/Evans (NqlOPkMAAAAJ)/Ahumadatello2023-ComplexityFramework.bib,6,0,1,1,1,0,0,1,0,0,1,1
output/Evans (NqlOPkMAAAAJ)/Ahumadatello2023-InnovationTriggers.bib,5,0,0,1,1,0,0,1,0,0,1,1
output/Evans (NqlOPkMAAAAJ)/Cao2023-IntelligentGuidance.bib,4,0,0,0,1,0,0,1,0,0,1,1
output/Evans (NqlOPkMAAAAJ)/Chen2023-LocalGovDialog.bib,7,0,0,1,1,0,0,1,1,1,1,1
output/Evans (NqlOPkMAAAAJ)/Chen2023-CommuniTechPsych.bib,6,0,0,1,1,0,0,1,0,1,1,1
output/Evans (NqlOPkMAAAAJ)/Zou2023-VaccineIntent.bib,7,0,0,1,1,0,0,1,1,1,1,1
output/Evans (NqlOPkMAAAAJ)/Lee2022-PublicHealthResponse.bib,5,0,0,1,1,0,0,1,0,0,1,1
output/Gagie (aFCoq2YAAAAJ)/Zakeri2025-PangenomeQuery.bib,6,0,1,1,1,0,0,1,0,0,1,1
output/Gagie (aFCoq2YAAAAJ)/Cobas2024-SubsampledRIndexes.bib,6,0,1,1,1,0,0,1,0,0,1,1
output/Gagie (aFCoq2YAAAAJ)/Brown2025-KeBaB.bib,5,0,1,1,1,0,0,0,0,0,1,1
output/Gagie (aFCoq2YAAAAJ)/Diazdominguez2025-BwtMerge.bib,6,0,1,1,1,0,0,1,0,0,1,1
output/Gagie (aFCoq2YAAAAJ)/Gagie2025-RIndexing.bib,4,0,1,1,0,0,0,0,0,0,1,1
output/Gagie (aFCoq2YAAAAJ)/Depuydt2024-BMove.bib,6,0,1,1,1,0,0,1,0,0,1,1
output/Gagie (aFCoq2YAAAAJ)/Varki2025-RLZRePair.bib,6,0,1,1,1,0,0,1,0,0,1,1
output/Gagie (aFCoq2YAAAAJ)/Becker2025-SuffixCompress.bib,5,0,1,1,0,0,0,1,0,0,1,1
output/Gagie (aFCoq2YAAAAJ)/Alanko2025-TrieRevisited.bib,4,0,1,1,0,0,0,0,0,0,1,1
output/Gagie (aFCoq2YAAAAJ)/Renders2025-FastApproximateMatching.bib,6,0,1,1,1,0,0,1,0,0,1,1
output/Gagie (aFCoq2YAAAAJ)/Depuydt2025-MetagenomicClassification.bib,6,0,1,1,1,0,0,1,0,0,1,1
output/Gagie (aFCoq2YAAAAJ)/Gomezbrandon2024-TrajectoryCompression.bib,6,0,1,1,1,0,0,1,0,0,1,1
output/Gagie (aFCoq2YAAAAJ)/Brown2025-KeBaBSMM.bib,1,0,1,0,0,0,0,0,0,0,0,0
output/Gagie (aFCoq2YAAAAJ)/Ferragina2025-CompressedData.bib,1,0,1,0,0,0,0,0,0,0,0,0
output/Gagie (aFCoq2YAAAAJ)/Ferragina2025-ManziniFestschrift.bib,1,0,1,0,0,0,0,0,0,0,0,0
output/Gagie (aFCoq2YAAAAJ)/Gagie2025-CompressedComputation.bib,6,0,1,1,1,0,0,1,0,0,1,1
output/Gagie (aFCoq2YAAAAJ)/Zakeri2023-PangenomeIndex.bib,7,0,0,1,1,0,0,1,1,1,1,1
output/Gagie (aFCoq2YAAAAJ)/Gagie2024-TagArrays.bib,4,0,1,1,0,0,0,0,0,0,1,1
output/Gagie (aFCoq2YAAAAJ)/Ferro2024-PangenomeIndex.bib,6,0,1,1,1,0,0,1,0,0,1,1
output/Gagie (aFCoq2YAAAAJ)/Hong2024-WaveletVirtue.bib,6,0,1,1,1,0,0,1,0,0,1,1
output/Gagie (aFCoq2YAAAAJ)/Hong2024-AuthorList.bib,1,0,1,0,0,0,0,0,0,0,0,0
output/Gagie (aFCoq2YAAAAJ)/Brown2025-FastSuffixArray.bib,5,0,1,1,0,0,0,1,0,0,1,1
output/Gagie (aFCoq2YAAAAJ)/Gagie2024-MoveletTrees.bib,2,0,1,1,0,0,0,0,0,0,0,0
output/Gagie (aFCoq2YAAAAJ)/Gagie2024-MaximalMatches.bib,7,0,1,1,1,0,1,1,0,0,1,1
output/Gagie (aFCoq2YAAAAJ)/Cenzato2024-SuffixientCompression.bib,2,0,1,1,0,0,0,0,0,0,0,0
output/Gagie (aFCoq2YAAAAJ)/Peresini2024-MiovReordering.bib,5,0,1,1,0,0,0,1,0,0,1,1
output/Gagie (aFCoq2YAAAAJ)/Draesslerova2024-MaximalMatches.bib,5,0,1,1,0,0,0,1,0,0,1,1
output/Gagie (aFCoq2YAAAAJ)/Brejova2024-PangenomePath.bib,6,0,1,1,1,0,0,1,0,0,1,1
output/Gagie (aFCoq2YAAAAJ)/Depuydt2024-BMoveIndex.bib,6,0,1,1,1,0,0,1,0,0,1,1
output/Gagie (aFCoq2YAAAAJ)/Hong2024-PfpFm.bib,6,0,1,1,1,0,0,1,0,0,1,1
output/Gagie (aFCoq2YAAAAJ)/Goga2024-LazyLCP.bib,7,0,0,1,1,0,0,1,1,1,1,1
output/Gagie (aFCoq2YAAAAJ)/Gagie2024-SLPSConverter.bib,6,0,1,1,1,0,0,1,0,0,1,1
output/Gagie (aFCoq2YAAAAJ)/Balaz2024-WheelerMaps.bib,5,0,0,1,1,0,0,1,0,0,1,1
output/Gagie (aFCoq2YAAAAJ)/Pissis2024-Wabi2024.bib,1,0,1,0,0,0,0,0,0,0,0,0
output/Gagie (aFCoq2YAAAAJ)/Bonizzoni2024-PositionalCover.bib,4,0,1,1,0,0,0,0,0,0,1,1
output/Gagie (aFCoq2YAAAAJ)/Brisaboa2024-BlockTrees.bib,0,0,0,0,0,0,0,0,0,0,0,0
output/Gagie (aFCoq2YAAAAJ)/Lyu2023-LocalEffectsDataStructures.bib,6,0,1,1,1,0,0,1,0,0,1,1
output/Gagie (aFCoq2YAAAAJ)/Depuydt2023-SuffixientSets.bib,5,0,1,1,0,0,0,1,0,0,1,1
output/Gagie (aFCoq2YAAAAJ)/Bonizzoni2023-SMEMPBWT.bib,5,0,1,0,1,0,0,1,0,0,1,1
output/Gagie (aFCoq2YAAAAJ)/Gagie2023-GrammarIndex.bib,6,0,1,1,1,0,0,1,0,0,1,1
output/Gagie (aFCoq2YAAAAJ)/Gagie2023-DynamicEmbeddings.bib,6,0,1,1,1,0,0,1,0,0,1,1
output/Gagie (aFCoq2YAAAAJ)/Cotumaccio2023-LCPWheelerDFAs.bib,6,0,1,1,1,0,0,1,0,0,1,1
output/Gagie (aFCoq2YAAAAJ)/Cozzi2023-PbwtIndex.bib,6,0,1,1,1,0,0,1,0,0,1,1
output/Gagie (aFCoq2YAAAAJ)/Ahmed2023-PangenomeClassification.bib,6,0,0,1,1,0,0,1,0,1,1,1
output/Gagie (aFCoq2YAAAAJ)/Hong2023-FMIndexAcceleration.bib,5,0,1,1,0,0,0,1,0,0,1,1
output/Gagie (aFCoq2YAAAAJ)/Oliva2023-BwtParsing.bib,7,0,0,1,1,0,0,1,1,1,1,1
output/Gagie (aFCoq2YAAAAJ)/Conte2023-WheelerDFAStats.bib,7,0,0,1,1,0,0,1,1,1,1,1
output/Gagie (aFCoq2YAAAAJ)/Martinezguardiola2023-MoniThresholds.bib,6,0,1,1,1,0,0,1,0,0,1,1
output/Gagie (aFCoq2YAAAAJ)/Gagie2022-RulerWrap.bib,5,0,1,0,1,0,0,1,0,0,1,1
output/Gagie (aFCoq2YAAAAJ)/Bernardo2023-FastQuadtrees.bib,5,0,1,0,1,0,0,1,0,0,1,1
output/Gagie (aFCoq2YAAAAJ)/Przytycka2023-Wabi2023.bib,1,0,1,0,0,0,0,0,0,0,0,0
output/Gagie (aFCoq2YAAAAJ)/Arroyuelo2023-CombinatorialPatternMatching.bib,1,0,1,0,0,0,0,0,0,0,0,0
output/Gagie (aFCoq2YAAAAJ)/Ahmed2023-RIndexing.bib,1,0,1,0,0,0,0,0,0,0,0,0
output/Gagie (aFCoq2YAAAAJ)/Gagie2023-PangenomeGraph.bib,1,0,1,0,0,0,0,0,0,0,0,0
output/Haque (PMTOOSQAAAAJ)/Baena2025-HomeFingerprinting.bib,4,0,0,1,0,0,1,0,0,0,1,1
output/Haque (PMTOOSQAAAAJ)/Tajbakhsh2025-RLInNetworkLoadBalancing.bib,4,0,0,1,1,0,0,0,0,0,1,1
output/Haque (PMTOOSQAAAAJ)/Sobhani2025-EdgeAI.bib,2,0,0,0,0,0,0,0,0,0,1,1
output/Haque (PMTOOSQAAAAJ)/Ifath2025-StreamlineBigData.bib,3,0,0,1,0,0,0,0,0,0,1,1
output/Haque (PMTOOSQAAAAJ)/Ahmed2025-FairQlearning.bib,4,0,0,1,1,0,0,0,0,0,1,1
output/Haque (PMTOOSQAAAAJ)/Hasan2025-GNNTransformerLinkPrediction.bib,6,0,0,1,1,0,1,1,0,0,1,1
output/Haque (PMTOOSQAAAAJ)/Parizotto2025-FaultTolerantApplications.bib,0,0,0,0,0,0,0,0,0,0,0,0
output/Haque (PMTOOSQAAAAJ)/Parizotto2025-FaultTolerance.bib,4,0,0,0,1,0,0,1,0,0,1,1
output/Haque (PMTOOSQAAAAJ)/Sobhani2025-ReproducibilitySmells.bib,5,0,0,1,1,0,0,1,0,0,1,1
output/Haque (PMTOOSQAAAAJ)/Jiang2025-FederatedPerformance.bib,4,0,0,1,0,0,1,0,0,0,1,1
output/Haque (PMTOOSQAAAAJ)/Kuzniar2025-PivotAttacks.bib,4,0,0,0,1,0,0,1,0,0,1,1
output/Haque (PMTOOSQAAAAJ)/Wang2025-ModelBias.bib,0,0,0,0,0,0,0,0,0,0,0,0
output/Haque (PMTOOSQAAAAJ)/Parizotto2025-IntentInNetwork.bib,5,0,0,1,1,0,0,1,0,0,1,1
output/Haque (PMTOOSQAAAAJ)/Rangwala2024-STXVote.bib,5,0,0,1,1,0,1,0,0,0,1,1
output/Haque (PMTOOSQAAAAJ)/Singh2024-MatadorHw.bib,5,0,0,1,1,0,0,1,0,0,1,1
output/Haque (PMTOOSQAAAAJ)/Yang2024-DeviceSetupSecurity.bib,5,0,0,1,1,0,0,1,0,0,1,1
output/Haque (PMTOOSQAAAAJ)/Chen2024-IoTSeries.bib,5,0,0,1,1,0,0,1,0,0,1,1
output/Haque (PMTOOSQAAAAJ)/Boeira2024-FiveGCalib.bib,5,0,0,1,1,0,0,1,0,0,1,1
output/Haque (PMTOOSQAAAAJ)/Hasan2024-GraphAnomalyDetection.bib,4,0,0,1,0,0,0,1,0,0,1,1
output/Haque (PMTOOSQAAAAJ)/Alam2024-StreamAnalytics.bib,6,0,0,1,1,0,1,1,0,0,1,1
output/Haque (PMTOOSQAAAAJ)/Kuzniar2024-FingerprintIoT.bib,5,0,0,1,1,0,0,1,0,0,1,1
output/Haque (PMTOOSQAAAAJ)/Tajbakhsh2024-P4Hauler.bib,5,0,0,1,1,0,0,1,0,0,1,1
output/Haque (PMTOOSQAAAAJ)/Parizotto2024-AraucariaFaultTolerance.bib,5,0,0,1,0,0,1,1,0,0,1,1
output/Haque (PMTOOSQAAAAJ)/Ifath2024-MissionCritical.bib,5,0,0,1,1,0,0,1,0,0,1,1
output/Haque (PMTOOSQAAAAJ)/Boeira2024-CalibratedSimulator.bib,4,0,0,0,0,0,1,1,0,0,1,1
output/Haque (PMTOOSQAAAAJ)/Dohler2023-InternetThings.bib,4,0,0,1,1,0,0,0,0,0,1,1
output/Haque (PMTOOSQAAAAJ)/Parizotto2024-NetworkComputing.bib,0,0,0,0,0,0,0,0,0,0,0,0
output/Haque (PMTOOSQAAAAJ)/Parizotto2023-DataPlaneML.bib,5,0,0,1,1,0,0,1,0,0,1,1
output/Haque (PMTOOSQAAAAJ)/Ifath2023-StreamPrototyping.bib,5,0,0,1,1,0,0,1,0,0,1,1
output/Haque (PMTOOSQAAAAJ)/Zhao2023-ProgrammableNics.bib,5,0,0,1,1,0,0,1,0,0,1,1
output/Haque (PMTOOSQAAAAJ)/Wang2023-DataDiscrimination.bib,5,0,0,1,1,0,0,1,0,0,1,1
output/Haque (PMTOOSQAAAAJ)/Islam2023-FailurePrediction.bib,5,0,0,1,1,0,0,1,0,0,1,1
output/He (4yj_9skAAAAJ)/Chen2024-DynamicIntervals.bib,5,0,0,1,1,0,0,1,0,0,1,1
output/He (4yj_9skAAAAJ)/He2024-BoundedDegreeGraphs.bib,5,0,0,1,1,0,0,1,0,0,1,1
output/He (4yj_9skAAAAJ)/He2024-PathChordalRevisited.bib,5,0,0,1,1,0,0,1,0,0,1,1
output/He (4yj_9skAAAAJ)/Gao2024-ApproximatePathCounting.bib,5,0,0,1,1,0,0,1,0,0,1,1
output/He (4yj_9skAAAAJ)/He2024-MinSpaceLabeling.bib,0,0,0,0,0,0,0,0,0,0,0,0
output/He (4yj_9skAAAAJ)/He2024-CCCGSpecialIssue.bib,5,0,0,1,1,0,0,1,0,0,1,1
output/He (4yj_9skAAAAJ)/Lyu2023-LocalEffectsDataStructures.bib,5,0,0,1,1,0,0,1,0,0,1,1
output/He (4yj_9skAAAAJ)/Gagie2023-DynamicEmbeddings.bib,5,0,0,1,1,0,0,1,0,0,1,1
output/He (4yj_9skAAAAJ)/Gagie2023-DalhousieResearch.bib,0,0,0,0,0,0,0,0,0,0,0,0
output/He (4yj_9skAAAAJ)/He2023-Wads2021.bib,5,0,0,1,1,0,0,1,0,0,1,1
output/He (4yj_9skAAAAJ)/He2023-RangeModeQuery.bib,3,0,0,1,0,0,0,0,0,0,1,1
output/Hernandez-Castillo (rSrWYaIAAAAJ)/Robertson2025-SCA3Degeneration.bib,4,0,0,1,0,0,0,0,0,1,1,1
output/Hernandez-Castillo (rSrWYaIAAAAJ)/Robertson2025-AtaxiaVolumetrics.bib,2,0,1,1,0,0,0,0,0,0,0,0
output/Hernandez-Castillo (rSrWYaIAAAAJ)/Padronrivera2025-AtaxiaConnectivity.bib,4,0,0,1,0,0,0,0,0,1,1,1
output/Hernandez-Castillo (rSrWYaIAAAAJ)/Lopez2025-DM1Biomarkers.bib,0,0,0,0,0,0,0,0,0,0,0,0
output/Hernandez-Castillo (rSrWYaIAAAAJ)/Tikoo2025-InfantConnectivity.bib,5,0,0,1,0,0,0,0,1,1,1,1
output/Hernandez-Castillo (rSrWYaIAAAAJ)/Romeromolina2025-AtaxiaSyndrome.bib,5,0,0,1,0,0,0,0,1,1,1,1
output/Hernandez-Castillo (rSrWYaIAAAAJ)/Rezende2024-SpinalDamage.bib,5,0,0,1,0,0,0,0,1,1,1,1
output/Hernandez-Castillo (rSrWYaIAAAAJ)/Moradi2024-SpinocerebellarConnectivity.bib,3,0,0,1,0,0,0,0,0,0,1,1
output/Hernandez-Castillo (rSrWYaIAAAAJ)/Romeromolina2024-BrainCOVID.bib,5,0,0,1,0,0,0,0,1,1,1,1
output/Hernandez-Castillo (rSrWYaIAAAAJ)/Hernandezcastillo2023-CerebellarSubdivision.bib,1,0,0,1,0,0,0,0,0,0,0,0
output/Heywood (_d-AGjUAAAAJ)/Zhou2025-SoftSAC.bib,6,0,1,1,1,0,0,1,0,0,1,1
output/Heywood (_d-AGjUAAAAJ)/Wang2025-BlueTeamOps.bib,6,0,1,1,1,0,0,1,0,0,1,1
output/Heywood (_d-AGjUAAAAJ)/Bayer2025-VizdoomNavigation.bib,5,0,1,0,1,0,1,0,0,0,1,1
output/Heywood (_d-AGjUAAAAJ)/Smith2024-InvokerGraphInterpretation.bib,6,0,1,1,1,0,0,1,0,0,1,1
output/Heywood (_d-AGjUAAAAJ)/Qiu2025-StreamEEL.bib,6,0,1,1,1,0,0,1,0,0,1,1
output/Heywood (_d-AGjUAAAAJ)/Zhou2025-GradientBoost.bib,6,0,1,1,1,0,0,1,0,0,1,1
output/Heywood (_d-AGjUAAAAJ)/Adjei2025-FlowMetadataSignatures.bib,6,0,1,1,1,0,0,1,0,0,1,1
output/Heywood (_d-AGjUAAAAJ)/Qiu2025-KappaBenchmarking.bib,6,0,1,1,1,0,0,1,0,0,1,1
output/Heywood (_d-AGjUAAAAJ)/Durdabak2025-FiltrationAttacks.bib,6,0,1,1,1,0,0,1,0,0,1,1
output/Heywood (_d-AGjUAAAAJ)/Adjei2025-DalhousieNims.bib,0,0,0,0,0,0,0,0,0,0,0,0
output/Heywood (_d-AGjUAAAAJ)/Karlsen2024-LogAnalysisLLM.bib,5,0,0,1,1,0,0,1,0,0,1,1
output/Heywood (_d-AGjUAAAAJ)/Copstein2024-MicroClusterAnomaly.bib,6,0,1,1,1,0,0,1,0,0,1,1
output/Heywood (_d-AGjUAAAAJ)/Karlsen2024-LogAnalysis.bib,6,0,0,1,1,0,1,1,0,0,1,1
output/Heywood (_d-AGjUAAAAJ)/Sealy2024-QRLearningPrograms.bib,6,0,1,1,1,0,0,1,0,0,1,1
output/Heywood (_d-AGjUAAAAJ)/Zhou2024-NetworkEnsemble.bib,6,0,1,1,1,0,0,1,0,0,1,1
output/Heywood (_d-AGjUAAAAJ)/Qiu2023-LogAnomalyDetection.bib,6,0,1,1,1,0,0,1,0,0,1,1
output/Heywood (_d-AGjUAAAAJ)/Heywood2023-Jaws30.bib,4,0,1,1,0,0,0,0,0,0,1,1
output/Heywood (_d-AGjUAAAAJ)/Heywood2023-EvoEnsemble.bib,5,0,1,0,1,0,0,1,0,0,1,1
output/Heywood (_d-AGjUAAAAJ)/Copstein2023-MicroClusterDetection.bib,6,0,1,1,1,0,0,1,0,0,1,1
output/Heywood (_d-AGjUAAAAJ)/Loginov2023-InjectionDetection.bib,6,0,1,1,1,0,0,1,0,0,1,1
output/Heywood (_d-AGjUAAAAJ)/Karlsen2023-LogSemantics.bib,6,0,1,1,1,0,0,1,0,0,1,1
output/Heywood (_d-AGjUAAAAJ)/Zhou2023-EnsembleStack.bib,6,0,1,0,1,0,1,1,0,0,1,1
output/Keselj (uDKsmuIAAAAJ)/Taylor2025-BagInvestment.bib,6,0,1,1,1,0,0,1,0,0,1,1
output/Keselj (uDKsmuIAAAAJ)/Keselj2025-StarfishPublishing.bib,6,0,1,1,1,0,0,1,0,0,1,1
output/Keselj (uDKsmuIAAAAJ)/Cepuran2024-RubricPrediction.bib,0,0,0,0,0,0,0,0,0,0,0,0
output/Keselj (uDKsmuIAAAAJ)/Charlebois2024-CarbonFoodChain.bib,5,0,0,1,1,0,0,1,0,0,1,1
output/Keselj (uDKsmuIAAAAJ)/Charlebois2024-CarbonFood.bib,5,0,0,1,1,0,0,1,0,0,1,1
output/Keselj (uDKsmuIAAAAJ)/Agarwal2024-MentalDetection.bib,6,0,1,1,1,0,0,1,0,0,1,1
output/Keselj (uDKsmuIAAAAJ)/Keselj2023-CngAttribution.bib,6,0,1,1,1,0,0,1,0,0,1,1
output/Keselj (uDKsmuIAAAAJ)/Taylor2023-JobSecurity.bib,0,0,0,0,0,0,0,0,0,0,0,0
output/Keselj (uDKsmuIAAAAJ)/Jariwala2023-PlayerMimicry.bib,6,0,1,1,1,0,0,1,0,0,1,1
output/Kryven (5ogGlooAAAAJ)/Piriyakulkij2025-PoEWorld.bib,4,0,0,1,0,0,1,0,0,0,1,1
output/Kryven (5ogGlooAAAAJ)/Gevasagiv2025-FrontalHippocampalSync.bib,6,0,0,1,1,0,0,1,0,1,1,1
output/Kryven (5ogGlooAAAAJ)/Kryven2025-CognitivePrograms.bib,4,0,0,1,0,0,1,0,0,0,1,1
output/Kryven (5ogGlooAAAAJ)/Kryven2025-HypothesisGeneration.bib,5,0,0,0,1,0,0,1,0,1,1,1
output/Kryven (5ogGlooAAAAJ)/Kryven2024-SpatialSearch.bib,7,0,0,1,1,0,0,1,1,1,1,1
output/Lahoud (Fnkc3a4AAAAJ)/Delplace2025-LRFHSSConnectivity.bib,5,0,1,1,0,0,1,0,0,0,1,1
output/Lahoud (Fnkc3a4AAAAJ)/Lahoud2025-DistriLearnSeqObs.bib,5,0,1,1,0,0,1,0,0,0,1,1
output/Lahoud (Fnkc3a4AAAAJ)/Durand2025-FederatedIoT.bib,6,0,1,1,1,0,0,1,0,0,1,1
output/Lahoud (Fnkc3a4AAAAJ)/Lahoud2025-ClientSelection.bib,5,0,1,1,0,0,1,0,0,0,1,1
output/Lahoud (Fnkc3a4AAAAJ)/Khawam2025-CognitiveBandit.bib,6,0,1,1,1,0,0,1,0,0,1,1
output/Lahoud (Fnkc3a4AAAAJ)/Lahoud2025-LoRaFhssReception.bib,6,0,1,1,0,0,1,1,0,0,1,1
output/Lahoud (Fnkc3a4AAAAJ)/Rayess2025-EnergyEfficiencyLRFHSS.bib,1,0,1,0,0,0,0,0,0,0,0,0
output/Lahoud (Fnkc3a4AAAAJ)/Rayess2026-ReliabilityOptimization.bib,1,0,1,0,0,0,0,0,0,0,0,0
output/Lahoud (Fnkc3a4AAAAJ)/Khawam2024-EdgeGame.bib,6,0,1,1,1,0,0,1,0,0,1,1
output/Lahoud (Fnkc3a4AAAAJ)/Durand2024-FederatedIoT.bib,5,0,0,1,1,0,0,1,0,0,1,1
output/Lahoud (Fnkc3a4AAAAJ)/Khawam2024-EdgeFederatedLearning.bib,6,0,1,1,1,0,0,1,0,0,1,1
output/Lahoud (Fnkc3a4AAAAJ)/Awada2023-BanditSlicing.bib,6,0,1,1,1,0,0,1,0,0,1,1
output/Lahoud (Fnkc3a4AAAAJ)/Awada2023-RANslicing.bib,6,0,1,1,1,0,0,1,0,0,1,1
output/Lahoud (Fnkc3a4AAAAJ)/Loubany2023-LoRaWANThroughputEnergy.bib,5,0,0,1,1,0,0,1,0,0,1,1
output/Lahoud (Fnkc3a4AAAAJ)/Awada2023-StackelbergRAN.bib,6,0,1,1,1,0,0,1,0,0,1,1
output/Lahoud (Fnkc3a4AAAAJ)/Fawaz2023-QueueAwareAllocation.bib,5,0,0,1,1,0,0,1,0,0,1,1
output/Lahoud (Fnkc3a4AAAAJ)/Loubany2023-LoRaWANEfficiency.bib,7,0,0,1,1,0,0,1,1,1,1,1
output/Lahoud (Fnkc3a4AAAAJ)/Khawam2023-EdgeLorawan.bib,4,0,0,0,1,0,0,1,0,0,1,1
output/Lahoud (Fnkc3a4AAAAJ)/Yassine2023-EnergyScheduling.bib,6,0,1,1,1,0,0,1,0,0,1,1
output/Lahoud (Fnkc3a4AAAAJ)/Rayess2023-ReliabilityIteration.bib,6,0,1,1,1,0,0,1,0,0,1,1
output/Lahoud (Fnkc3a4AAAAJ)/Rayess2023-LoRaWANReliability.bib,5,0,0,1,1,0,0,1,0,0,1,1
output/Lahoud (Fnkc3a4AAAAJ)/Loubany2023-LoRaWANPriority.bib,5,0,0,1,1,0,0,1,0,0,1,1
output/Lahoud (Fnkc3a4AAAAJ)/Iskandarani2023-DualBridgeController.bib,6,0,1,1,1,0,0,1,0,0,1,1
output/Maguire (rHFCtWwAAAAJ)/Hall2025-LactamInhibitorTesting.bib,4,0,0,1,0,0,0,0,1,1,1,0
output/Maguire (rHFCtWwAAAAJ)/Alhaboub2025-ViralMetagenomics.bib,7,0,0,1,1,0,0,1,1,1,1,1
output/Maguire (rHFCtWwAAAAJ)/Leonard2025-ParameciumAssembly.bib,1,0,0,1,0,0,0,0,0,0,0,0
output/Maguire (rHFCtWwAAAAJ)/Gosse2024-IncelViolence.bib,7,0,0,1,1,0,0,1,1,1,1,1
output/Maguire (rHFCtWwAAAAJ)/Wlodarski2025-CARDkmer.bib,6,0,0,1,1,0,0,1,0,1,1,1
output/Maguire (rHFCtWwAAAAJ)/Wozney2025-StressIncontinenceChoice.bib,7,0,0,1,1,0,0,1,1,1,1,1
output/Maguire (rHFCtWwAAAAJ)/Deschenes2025-NirmatrelvirResistance.bib,0,0,0,0,0,0,0,0,0,0,0,0
output/Maguire (rHFCtWwAAAAJ)/Paull2025-DataInteroperability.bib,4,0,0,0,1,0,0,1,0,0,1,1
output/Maguire (rHFCtWwAAAAJ)/Crawshaw2025-DeerSARSCoV2.bib,6,0,0,1,1,0,0,1,0,1,1,1
output/Maguire (rHFCtWwAAAAJ)/Perovic2025-AroNorm.bib,6,0,0,1,1,0,0,1,0,1,1,1
output/Maguire (rHFCtWwAAAAJ)/Kotwa2025-BatCoronaSpecificity.bib,5,0,0,1,1,0,0,1,0,0,1,1
output/Maguire (rHFCtWwAAAAJ)/Zeppa2025-PyogenesToronto.bib,4,0,0,1,0,0,0,0,1,1,1,0
output/Maguire (rHFCtWwAAAAJ)/Halpin2025-HealthLookism.bib,7,0,0,1,1,0,0,1,1,1,1,1
output/Maguire (rHFCtWwAAAAJ)/Banete2025-HamsterVariants.bib,7,0,0,1,1,0,0,1,1,1,1,1
output/Maguire (rHFCtWwAAAAJ)/Nirmalarajah2025-CovidFactors.bib,7,0,0,1,1,0,0,1,1,1,1,1
output/Maguire (rHFCtWwAAAAJ)/Nasir2024-GenomeAssembly.bib,5,0,0,1,1,0,0,1,0,0,1,1
output/Maguire (rHFCtWwAAAAJ)/Kim2024-EnterococcusML.bib,4,0,0,1,0,0,0,0,1,0,1,1
output/Maguire (rHFCtWwAAAAJ)/Griffiths2024-QualityTags.bib,7,0,0,1,1,0,0,1,1,1,1,1
output/Maguire (rHFCtWwAAAAJ)/Mendes2024-Hamronization.bib,6,0,0,1,1,0,0,1,0,1,1,1
output/Maguire (rHFCtWwAAAAJ)/Lockyer2024-IncelTerror.bib,5,0,0,1,1,0,0,1,0,0,1,1
output/Maguire (rHFCtWwAAAAJ)/Halpin2024-MasculinityViolence.bib,6,0,0,1,1,0,0,1,0,1,1,1
output/Maguire (rHFCtWwAAAAJ)/Mahoney2024-VIMTransmission.bib,7,0,0,1,1,0,0,1,1,1,1,1
output/Maguire (rHFCtWwAAAAJ)/Timme2023-PathogenDataModel.bib,7,0,0,1,1,0,0,1,1,1,1,1
output/Maguire (rHFCtWwAAAAJ)/Kotwa2022-DeerGenomics.bib,4,0,0,1,0,0,0,0,0,1,1,1
output/Maguire (rHFCtWwAAAAJ)/Kafaie2023-GeneNeighborhoods.bib,6,0,0,1,1,0,0,1,0,1,1,1
output/Maguire (rHFCtWwAAAAJ)/Nirmalarajah2023-RemdesivirMutations.bib,7,0,0,1,1,0,0,1,1,1,1,1
output/Maguire (rHFCtWwAAAAJ)/Sjaarda2023-OntarioVariants.bib,7,0,0,1,1,0,0,1,1,1,1,1
output/Maguire (rHFCtWwAAAAJ)/Sabrie2023-LachnoOralis.bib,6,0,0,1,1,0,0,1,0,1,1,1
output/Maguire (rHFCtWwAAAAJ)/Halpin2023-IncelMisogyny.bib,7,0,0,1,1,0,0,1,1,1,1,1
output/Maguire (rHFCtWwAAAAJ)/Kupfer2022-NulliparousIncontinence.bib,7,0,0,1,1,0,0,1,1,1,1,1
output/Malloch (iQa0leoAAAAJ)/Raza2025-PerspectAR.bib,5,0,0,1,1,0,0,1,0,0,1,1
output/Malloch (iQa0leoAAAAJ)/Shrestha2025-AudioHapticVR.bib,5,0,0,1,1,0,0,1,0,0,1,1
output/Malloch (iQa0leoAAAAJ)/Peachey2024-BrowserSandbox.bib,5,0,0,1,1,0,0,1,0,0,1,1
output/Malloch (iQa0leoAAAAJ)/Porcino2024-AquariaAR.bib,5,0,0,1,1,0,0,1,0,0,1,1
output/Malloch (iQa0leoAAAAJ)/Peachey2024-DataSignalMappings.bib,5,0,0,1,1,0,0,1,0,0,1,1
output/Malloch (iQa0leoAAAAJ)/Peachey2023-PatchVAE.bib,5,0,0,1,1,0,0,1,0,0,1,1
output/Malloch (iQa0leoAAAAJ)/Peachey2023-FaustMapper.bib,5,0,0,1,1,0,0,1,0,0,1,1
output/Malloch (iQa0leoAAAAJ)/Boettcher2023-SignalMappingFramework.bib,3,0,0,1,0,0,0,0,0,0,1,1
output/Mattheisen (uhlDFm4AAAAJ)/Pinciotti2025-YBCSSeverity.bib,1,0,1,0,0,0,0,0,0,0,0,0
output/Mattheisen (uhlDFm4AAAAJ)/Mufford2025-GeneticBrainAnxiety.bib,5,0,1,1,1,0,0,0,0,0,1,1
output/Mattheisen (uhlDFm4AAAAJ)/Strom2025-PanicGenetics.bib,5,0,1,1,1,0,0,0,0,0,1,1
output/Mattheisen (uhlDFm4AAAAJ)/Strom2025-ObsessiveGenetics.bib,6,0,1,1,1,0,0,1,0,0,1,1
output/Mattheisen (uhlDFm4AAAAJ)/Halvorsen2025-TicDuplication.bib,6,0,1,1,1,0,0,1,0,0,1,1
output/Mattheisen (uhlDFm4AAAAJ)/Desroches2025-ParentalWellbeing.bib,1,0,1,0,0,0,0,0,0,0,0,0
output/Mattheisen (uhlDFm4AAAAJ)/Smit2025-LifeCourseBMI.bib,5,0,1,1,1,0,0,0,0,0,1,1
output/Mattheisen (uhlDFm4AAAAJ)/Wagner2025-RewardProcessing.bib,5,0,1,1,1,0,0,0,0,0,1,1
output/Mattheisen (uhlDFm4AAAAJ)/Naamanka2025-Sorcs3Panic.bib,1,0,1,0,0,0,0,0,0,0,0,0
output/Mattheisen (uhlDFm4AAAAJ)/Backman2025-RiskSymptomChange.bib,5,0,0,1,1,0,0,1,0,0,1,1
output/Mattheisen (uhlDFm4AAAAJ)/Zhu2025-AnorexiaOCDComorbidity.bib,6,0,1,1,1,0,0,1,0,0,1,1
output/Mattheisen (uhlDFm4AAAAJ)/Storch2025-SpanishYBCAScale.bib,5,0,1,1,1,0,0,0,0,0,1,1
output/Mattheisen (uhlDFm4AAAAJ)/Strom2025-OCDLoci.bib,5,0,1,1,1,0,0,0,0,0,1,1
output/Mattheisen (uhlDFm4AAAAJ)/Nielsen2025-MaltreatmentRisk.bib,6,0,1,1,1,0,0,1,0,0,1,1
output/Mattheisen (uhlDFm4AAAAJ)/Cai2025-PsychiatricGenetics.bib,1,0,1,0,0,0,0,0,0,0,0,0
output/Mattheisen (uhlDFm4AAAAJ)/Strom2025-TicDisordersGWASMetaAnalysis.bib,1,0,1,0,0,0,0,0,0,0,0,0
output/Mattheisen (uhlDFm4AAAAJ)/Halvorsen2024-RareCNVOCD.bib,6,0,0,1,1,0,0,1,1,1,1,0
output/Mattheisen (uhlDFm4AAAAJ)/Oconnell2025-GenomicInsights.bib,5,0,1,1,1,0,0,0,0,0,1,1
output/Mattheisen (uhlDFm4AAAAJ)/Termorshuizen2025-EatingGenetics.bib,5,0,1,1,1,0,0,0,0,0,1,1
output/Mattheisen (uhlDFm4AAAAJ)/Grotzinger2025-GeneticPsychiatricLandscape.bib,6,0,1,1,1,0,0,1,0,0,1,1
output/Mattheisen (uhlDFm4AAAAJ)/Kim2024-VariantRisk.bib,5,0,1,1,1,0,0,0,0,0,1,1
output/Mattheisen (uhlDFm4AAAAJ)/Yu2024-TouretteGenetics.bib,6,0,1,1,1,0,0,1,0,0,1,1
output/Mattheisen (uhlDFm4AAAAJ)/Strom2024-ObsessiveCompulsiveGWAS.bib,5,0,1,0,1,0,0,1,0,0,1,1
output/Mattheisen (uhlDFm4AAAAJ)/Strom2024-AnxietyLoci.bib,5,0,1,1,1,0,0,0,0,0,1,1
output/Mattheisen (uhlDFm4AAAAJ)/Crowley2023-LatinoOCDGenomics.bib,5,0,1,1,1,0,0,0,0,0,1,1
output/Mattheisen (uhlDFm4AAAAJ)/Holla2024-PsychiatricGenetics.bib,6,0,1,1,1,0,0,1,0,0,1,1
output/Mattheisen (uhlDFm4AAAAJ)/Strom2024-OCDGenome.bib,1,0,1,0,0,0,0,0,0,0,0,0
output/Mattheisen (uhlDFm4AAAAJ)/Hess2023-PolygenicResilience.bib,6,0,1,1,1,0,0,1,0,0,1,1
output/Mattheisen (uhlDFm4AAAAJ)/Kohshour2024-PsychiatricGenomics.bib,5,0,1,0,1,0,0,1,0,0,1,1
output/Mattheisen (uhlDFm4AAAAJ)/Kelsoe2023-LithiumNetworks.bib,6,0,1,1,1,0,0,1,0,0,1,1
output/Mattheisen (uhlDFm4AAAAJ)/Mcausland2024-YouthAnxietyArchitecture.bib,6,0,1,1,1,0,0,1,0,0,1,1
output/Mattheisen (uhlDFm4AAAAJ)/Giustirodriguez2023-LatinoOcd.bib,1,0,1,0,0,0,0,0,0,0,0,0
output/Mattheisen (uhlDFm4AAAAJ)/Shekhar2023-TouretteGenes.bib,6,0,1,1,1,0,0,1,0,0,1,1
output/Mattheisen (uhlDFm4AAAAJ)/Topaloudi2023-TouretteMR.bib,6,0,1,1,1,0,0,1,0,0,1,1
output/Mattheisen (uhlDFm4AAAAJ)/Boberg2023-MultiPsych.bib,6,0,1,1,1,0,0,1,0,0,1,1
output/Mattheisen (uhlDFm4AAAAJ)/Maury2023-SchizophreniaCNVs.bib,5,0,1,1,1,0,0,0,0,0,1,1
output/Mattheisen (uhlDFm4AAAAJ)/Wang2023-RiskPrediction.bib,6,0,1,1,1,0,0,1,0,0,1,1
output/Mattheisen (uhlDFm4AAAAJ)/Als2023-DepressionGenomics.bib,7,0,0,1,1,0,0,1,1,1,1,1
output/Mattheisen (uhlDFm4AAAAJ)/Hsu2023-NeuroInteractome.bib,5,0,1,1,1,0,0,0,0,0,1,1
output/Mattheisen (uhlDFm4AAAAJ)/Dalvie2023-ENIGMAOCD.bib,6,0,1,1,1,0,0,1,0,0,1,1
output/Mattheisen (uhlDFm4AAAAJ)/Yilmaz2022-EatingAnxietyScores.bib,6,0,1,1,1,0,0,1,0,0,1,1
output/Mattheisen (uhlDFm4AAAAJ)/Wendt2023-ADHDTrauma.bib,6,0,1,1,1,0,0,1,0,0,1,1
output/Milios (ME8aQywAAAAJ)/Han2025-DimenPreserve.bib,6,0,1,1,1,0,0,1,0,0,1,1
output/Milios (ME8aQywAAAAJ)/Chaudhary2025-SemanticAttention.bib,6,0,1,1,1,0,0,1,0,0,1,1
output/Milios (ME8aQywAAAAJ)/Ramirezorta2025-SciQFSGenerator.bib,2,0,1,1,0,0,0,0,0,0,0,0
output/Milios (ME8aQywAAAAJ)/Dumpala2024-SugarcrepeSensitivity.bib,6,0,1,1,1,0,0,1,0,0,1,1
output/Milios (ME8aQywAAAAJ)/Rabonato2025-GenderPortugueseTranslator.bib,6,0,1,1,1,0,0,1,0,0,1,1
output/Milios (ME8aQywAAAAJ)/Dumpala2024-PromptSensitivity.bib,6,0,1,1,0,0,1,1,0,0,1,1
output/Milios (ME8aQywAAAAJ)/Alam2024-ClusterPredict.bib,5,0,0,1,1,0,0,1,0,0,1,1
output/Milios (ME8aQywAAAAJ)/Maisonnave2024-CausalityDemand.bib,6,0,1,1,1,0,0,1,0,0,1,1
output/Milios (ME8aQywAAAAJ)/Chaudhary2024-Top2Label.bib,6,0,1,1,1,0,0,1,0,0,1,1
output/Milios (ME8aQywAAAAJ)/Dumpala2024-VislaBenchmark.bib,6,0,1,1,0,0,1,1,0,0,1,1
output/Milios (ME8aQywAAAAJ)/Taranukhin2024-StanceReasoner.bib,6,0,1,1,0,0,1,1,0,0,1,1
output/Milios (ME8aQywAAAAJ)/Taranukhin2024-AirRightsChatbot.bib,7,0,1,1,1,0,1,1,0,0,1,1
output/Milios (ME8aQywAAAAJ)/Luo2024-DimenFix.bib,4,0,1,1,0,0,0,0,0,0,1,1
output/Milios (ME8aQywAAAAJ)/Jaiswal2023-ChunkBERT.bib,6,0,1,1,0,0,1,1,0,0,1,1
output/Milios (ME8aQywAAAAJ)/Saeidi2023-ContextWikification.bib,6,0,1,1,1,0,0,1,0,0,1,1
output/Milios (ME8aQywAAAAJ)/Rezaeipourfarsangi2023-ResumeMatch.bib,3,0,1,1,0,0,0,0,0,0,0,1
output/Milios (ME8aQywAAAAJ)/Cabral2023-ModelClusteringGap.bib,6,0,1,1,1,0,0,1,0,0,1,1
output/Milios (ME8aQywAAAAJ)/Ramirezorta2023-QuerySummarization.bib,7,0,1,1,1,0,1,1,0,0,1,1
output/Milios (ME8aQywAAAAJ)/Jaiswal2023-RiskFactors.bib,6,0,1,1,1,0,0,1,0,0,1,1
output/Milios (ME8aQywAAAAJ)/Silva2023-VisualRetrieval.bib,6,0,1,1,1,0,0,1,0,0,1,1
output/Milios (ME8aQywAAAAJ)/Saeidi2023-MalnisEma3.bib,2,0,1,1,0,0,0,0,0,0,0,0
output/Milios (ME8aQywAAAAJ)/Gonzalezpizarro2023-TopicRefinement.bib,5,0,1,0,1,0,0,1,0,0,1,1
output/Neethirajan (8VZwF0sAAAAJ)/Neethirajan2025-GreenLivestockAI.bib,1,0,1,0,0,0,0,0,0,0,0,0
output/Neethirajan (8VZwF0sAAAAJ)/Neethirajan2025-GreenAIArithmetic.bib,1,0,1,0,0,0,0,0,0,0,0,0
output/Neethirajan (8VZwF0sAAAAJ)/Rao2025-CattleDigitalTwin.bib,6,0,1,1,1,0,0,1,0,0,1,1
output/Neethirajan (8VZwF0sAAAAJ)/Neethirajan2025-ResilienceQuantified.bib,5,0,1,0,1,0,0,1,0,0,1,1
output/Neethirajan (8VZwF0sAAAAJ)/Jobarteh2025-DairyVocalizationFusion.bib,6,0,1,1,1,0,0,1,0,0,1,1
output/Neethirajan (8VZwF0sAAAAJ)/Patel2025-CowPainCheck.bib,6,0,1,1,1,0,0,1,0,0,1,1
output/Neethirajan (8VZwF0sAAAAJ)/Neethirajan2025-SustainableLivestock.bib,5,0,1,0,1,0,0,1,0,0,1,1
output/Neethirajan (8VZwF0sAAAAJ)/Neethirajan2025-FarmVoice.bib,1,0,1,0,0,0,0,0,0,0,0,0
output/Neethirajan (8VZwF0sAAAAJ)/Kate2025-BovineBioacoustics.bib,5,0,1,1,0,0,1,0,0,0,1,1
output/Neethirajan (8VZwF0sAAAAJ)/Prajesh2025-CarbonMonitor.bib,5,0,1,1,0,0,1,0,0,0,1,1
output/Neethirajan (8VZwF0sAAAAJ)/Tapp2025-ZebraPoseAdaptation.bib,5,0,1,1,0,0,1,0,0,0,1,1
output/Neethirajan (8VZwF0sAAAAJ)/Essien2025-HenWelfare.bib,7,0,1,1,1,0,1,1,0,0,1,1
output/Neethirajan (8VZwF0sAAAAJ)/Tapp2025-NetZeroAdaptation.bib,6,0,1,1,1,0,0,1,0,0,1,1
output/Neethirajan (8VZwF0sAAAAJ)/Neethirajan2025-CowBurps.bib,1,0,1,0,0,0,0,0,0,0,0,0
output/Neethirajan (8VZwF0sAAAAJ)/Zhang2025-PainRecognition.bib,6,0,1,1,1,0,0,1,0,0,1,1
output/Neethirajan (8VZwF0sAAAAJ)/Mahato2025-DairyDigiD.bib,6,0,1,1,1,0,0,1,0,0,1,1
output/Neethirajan (8VZwF0sAAAAJ)/Kate2025-CowVoice.bib,6,0,1,1,1,0,0,1,0,0,1,1
output/Neethirajan (8VZwF0sAAAAJ)/Rao2025-DairyTwinArchitecture.bib,6,0,1,1,1,0,0,1,0,0,1,1
output/Neethirajan (8VZwF0sAAAAJ)/Neethirajan2025-HenStressCNN.bib,6,0,1,1,1,0,0,1,0,0,1,1
output/Neethirajan (8VZwF0sAAAAJ)/Neethirajan2025-HumanAnimalComputer.bib,6,0,1,1,1,0,0,1,0,0,1,1
output/Neethirajan (8VZwF0sAAAAJ)/Manikandan2025-PoultryVocalization.bib,6,0,1,1,1,0,0,1,0,0,1,1
output/Neethirajan (8VZwF0sAAAAJ)/Prajesh2025-MethaneFingerprint.bib,7,0,1,1,1,0,1,1,0,0,1,1
output/Neethirajan (8VZwF0sAAAAJ)/Parivendan2025-SocialAI.bib,6,0,1,1,1,0,0,1,0,0,1,1
output/Neethirajan (8VZwF0sAAAAJ)/Dhaliwal2025-LamenessDetection.bib,6,0,1,1,1,0,0,1,0,0,1,1
output/Neethirajan (8VZwF0sAAAAJ)/Manikandan2025-PoultrySound.bib,6,0,1,1,1,0,0,1,0,0,1,1
output/Neethirajan (8VZwF0sAAAAJ)/Neethirajan2025-PoultryWelfare.bib,6,0,1,1,1,0,0,1,0,0,1,1
output/Neethirajan (8VZwF0sAAAAJ)/Neethirajan2025-DigitalLivestock.bib,6,0,1,1,1,0,0,1,0,0,1,1
output/Neethirajan (8VZwF0sAAAAJ)/Neethirajan2025-ChickenAI.bib,6,0,1,1,1,0,0,1,0,0,1,1
output/Neethirajan (8VZwF0sAAAAJ)/Padmanabhan2025-MethaneMapping.bib,1,0,1,0,0,0,0,0,0,0,0,0
output/Neethirajan (8VZwF0sAAAAJ)/Parivendan2025-CowVision.bib,1,0,1,0,0,0,0,0,0,0,0,0
output/Neethirajan (8VZwF0sAAAAJ)/Rao2025-DairyTwin.bib,1,0,1,0,0,0,0,0,0,0,0,0
output/Neethirajan (8VZwF0sAAAAJ)/Tapp2025-PoultryNetZero.bib,1,0,1,0,0,0,0,0,0,0,0,0
output/Neethirajan (8VZwF0sAAAAJ)/Zhang2025-CowPainDetection.bib,1,0,1,0,0,0,0,0,0,0,0,0
output/Neethirajan (8VZwF0sAAAAJ)/Neethirajan2025-AnimalAgency.bib,1,0,1,0,0,0,0,0,0,0,0,0
output/Neethirajan (8VZwF0sAAAAJ)/Jobarteh2025-SatelliteMitigation.bib,6,0,1,1,1,0,0,1,0,0,1,1
output/Neethirajan (8VZwF0sAAAAJ)/Jobarteh2025-MultiModalIntegration.bib,1,0,1,0,0,0,0,0,0,0,0,0
output/Neethirajan (8VZwF0sAAAAJ)/Senthilkumar2025-BovineCardioImaging.bib,5,0,1,0,1,0,0,1,0,0,1,1
output/Neethirajan (8VZwF0sAAAAJ)/Manikandan2025-PoultryBioacoustics.bib,5,0,1,0,1,0,0,1,0,0,1,1
output/Neethirajan (8VZwF0sAAAAJ)/Dhaliwal2025-AgriFoodResearch.bib,1,0,1,0,0,0,0,0,0,0,0,0
output/Neethirajan (8VZwF0sAAAAJ)/Kate2025-BovineAI.bib,6,0,1,1,1,0,0,1,0,0,1,1
output/Neethirajan (8VZwF0sAAAAJ)/Neethirajan2024-CowCommAI.bib,1,0,1,0,0,0,0,0,0,0,0,0
output/Neethirajan (8VZwF0sAAAAJ)/Manikandan2024-PoultryNLP.bib,7,0,1,1,1,0,1,1,0,0,1,1
output/Neethirajan (8VZwF0sAAAAJ)/Mahato2024-DairyDigiD.bib,6,0,1,1,1,0,0,1,0,0,1,1
output/Neethirajan (8VZwF0sAAAAJ)/Bi2024-MethaneMapping.bib,7,0,1,1,1,0,1,1,0,0,1,1
output/Neethirajan (8VZwF0sAAAAJ)/Bhaskaran2024-CloudLivestockMonitor.bib,6,0,1,1,1,0,0,1,0,0,1,1
output/Neethirajan (8VZwF0sAAAAJ)/Bi2024-MethaneBenchmarking.bib,6,0,1,1,1,0,0,1,0,0,1,1
output/Neethirajan (8VZwF0sAAAAJ)/Neethirajan2024-PoultryWellbeing.bib,5,0,1,0,1,0,0,1,0,0,1,1
output/Neethirajan (8VZwF0sAAAAJ)/Jobarteh2024-CowVocalizationFusion.bib,6,0,1,1,0,0,1,1,0,0,1,1
output/Neethirajan (8VZwF0sAAAAJ)/Senthilkumar2024-LumpyDetection.bib,8,0,1,1,1,0,0,1,1,1,1,1
output/Neethirajan (8VZwF0sAAAAJ)/Neethirajan2024-AnimalAI.bib,6,0,1,1,1,0,0,1,0,0,1,1
output/Neethirajan (8VZwF0sAAAAJ)/Mahato2025-CowFaceAI.bib,5,0,0,1,1,0,0,1,0,0,1,1
output/Neethirajan (8VZwF0sAAAAJ)/Neethirajan2024-FarmTwins.bib,1,0,1,0,0,0,0,0,0,0,0,0
output/Neethirajan (8VZwF0sAAAAJ)/Parmar2024-DairyBenchAI.bib,6,0,1,1,1,0,0,1,0,0,1,1
output/Neethirajan (8VZwF0sAAAAJ)/Neethirajan2024-AnimalWelfareMetaverse.bib,6,0,1,1,1,0,0,1,0,0,1,1
output/Neethirajan (8VZwF0sAAAAJ)/Jobarteh2024-PoultryMethane.bib,1,0,1,0,0,0,0,0,0,0,0,0
output/Neethirajan (8VZwF0sAAAAJ)/Mahato2024-DairyClassifier.bib,1,0,1,0,0,0,0,0,0,0,0,0
output/Neethirajan (8VZwF0sAAAAJ)/Manikandan2024-PoultryStress.bib,1,0,1,0,0,0,0,0,0,0,0,0
output/Neethirajan (8VZwF0sAAAAJ)/Sivakumar2024-DairyLLM.bib,1,0,1,0,0,0,0,0,0,0,0,0
output/Neethirajan (8VZwF0sAAAAJ)/Neethirajan2024-AgriAI.bib,1,0,1,0,0,0,0,0,0,0,0,0
output/Neethirajan (8VZwF0sAAAAJ)/Gonzalez2024-CowEmotionAI.bib,1,0,1,0,0,0,0,0,0,0,0,0
output/Neethirajan (8VZwF0sAAAAJ)/Bi2024-MethaneBench.bib,1,0,1,0,0,0,0,0,0,0,0,0
output/Neethirajan (8VZwF0sAAAAJ)/Neethirajan2024-TwinFarmsNexus.bib,6,0,1,1,1,0,0,1,0,0,1,1
output/Neethirajan (8VZwF0sAAAAJ)/Neethirajan2024-ChickenNLP.bib,6,0,1,1,1,0,0,1,0,0,1,1
output/Neethirajan (8VZwF0sAAAAJ)/Neethirajan2024-DairyAI.bib,1,0,1,0,0,0,0,0,0,0,0,0
output/Neethirajan (8VZwF0sAAAAJ)/Neethirajan2024-CognitiveAnimalWelfare.bib,6,0,1,1,1,0,0,1,0,0,1,1
output/Neethirajan (8VZwF0sAAAAJ)/Mehta2024-AIpoultryBenchmarking.bib,1,0,1,0,0,0,0,0,0,0,0,0
output/Neethirajan (8VZwF0sAAAAJ)/Neethirajan2024-LivestockAI.bib,1,0,1,0,0,0,0,0,0,0,0,0
output/Neethirajan (8VZwF0sAAAAJ)/Neethirajan2024-NetZeroDairy.bib,5,0,0,1,1,0,0,1,0,0,1,1
output/Neethirajan (8VZwF0sAAAAJ)/Neethirajan2023-DairyClimate.bib,4,0,0,0,1,0,0,1,0,0,1,1
output/Neethirajan (8VZwF0sAAAAJ)/Neethirajan2023-HenVocalStress.bib,6,0,1,1,1,0,0,1,0,0,1,1
output/Neethirajan (8VZwF0sAAAAJ)/Neethirajan2024-Livestock2030.bib,6,0,1,1,1,0,0,1,0,0,1,1
output/Neethirajan (8VZwF0sAAAAJ)/Neethirajan2023-DairyEmissions.bib,5,0,1,0,1,0,0,1,0,0,1,1
output/Neethirajan (8VZwF0sAAAAJ)/Neethirajan2023-LivestockAI.bib,5,0,0,1,1,0,0,1,0,0,1,1
output/Neethirajan (8VZwF0sAAAAJ)/Neethirajan2023-NetZeroNav.bib,5,0,1,0,1,0,0,1,0,0,1,1
output/Neethirajan (8VZwF0sAAAAJ)/Neethirajan2023-EasyChairPreprint.bib,1,0,1,0,0,0,0,0,0,0,0,0
output/Neethirajan (8VZwF0sAAAAJ)/Neethirajan2023-FarmCognition.bib,5,0,1,0,1,0,0,1,0,0,1,1
output/Neethirajan (8VZwF0sAAAAJ)/Neethirajan2023-FarmEmotion.bib,1,0,1,0,0,0,0,0,0,0,0,0
output/Neethirajan (8VZwF0sAAAAJ)/Neethirajan2023-HerdAnalytics.bib,1,0,1,0,0,0,0,0,0,0,0,0
output/Neethirajan (8VZwF0sAAAAJ)/Neethirajan2023-DigitalPhenotyping.bib,7,0,0,1,1,0,0,1,1,1,1,1
output/Neethirajan (8VZwF0sAAAAJ)/Neethirajan2023-DairyAIExport.bib,6,0,0,1,1,0,0,1,0,1,1,1
output/Neethirajan (8VZwF0sAAAAJ)/Neethirajan2023-PigFarmAI.bib,6,0,1,1,1,0,0,1,0,0,1,1
output/Neethirajan (8VZwF0sAAAAJ)/Kim2023-InteractionRecognition.bib,6,0,1,1,1,0,0,1,0,0,1,1
output/Neethirajan (8VZwF0sAAAAJ)/Kim2023-PigWelfare.bib,5,0,1,0,1,0,0,1,0,0,1,1
output/Neethirajan (8VZwF0sAAAAJ)/Neethirajan2023-MetaverseLivestock.bib,6,0,1,1,1,0,0,1,0,0,1,1
output/Neethirajan (8VZwF0sAAAAJ)/Neethirajan2023-EthicalMetaverse.bib,5,0,1,0,1,0,0,1,0,0,1,1
output/Neethirajan (8VZwF0sAAAAJ)/Neethirajan2023-MetaFarm.bib,1,0,1,0,0,0,0,0,0,0,0,0
output/Neethirajan (8VZwF0sAAAAJ)/Neethirajan2023-NutriDigital.bib,1,0,1,0,0,0,0,0,0,0,0,0
output/Neethirajan (8VZwF0sAAAAJ)/Neethirajan2023-DigitalLivestockEthics.bib,5,0,0,0,1,0,0,1,0,1,1,1
output/Neethirajan (8VZwF0sAAAAJ)/Neethirajan2022-FarmMonitoring.bib,6,0,0,1,1,0,0,1,0,1,1,1
output/Neethirajan (8VZwF0sAAAAJ)/Colaco2023-DISubNetThermalClassification.bib,6,0,1,1,1,0,0,1,0,0,1,1
output/Neethirajan (8VZwF0sAAAAJ)/Neethirajan2023-ClimateLivestock.bib,1,0,1,0,0,0,0,0,0,0,0,0
output/Neethirajan (8VZwF0sAAAAJ)/Neethirajan2023-AIARNutrition.bib,1,0,1,0,0,0,0,0,0,0,0,0
output/Neethirajan (8VZwF0sAAAAJ)/Neethirajan2023-ChickWelfare.bib,1,0,1,0,0,0,0,0,0,0,0,0
output/Neethirajan (8VZwF0sAAAAJ)/Neethirajan2023-LivestockPoetry.bib,1,0,1,0,0,0,0,0,0,0,0,0
output/Neethirajan (8VZwF0sAAAAJ)/Kim2023-PigEmotionRecognition.bib,1,0,1,0,0,0,0,0,0,0,0,0
output/Oyebode (-6DsTnMAAAAJ)/Ataguba2025-AIAfrica.bib,5,0,0,1,1,0,0,1,0,0,1,1
output/Oyebode (-6DsTnMAAAAJ)/Ataguba2025-LearnerCentricDesign.bib,5,0,0,1,1,0,0,1,0,0,1,1
output/Oyebode (-6DsTnMAAAAJ)/Spadon2025-CommunityClimateAdaptation.bib,6,0,0,1,1,0,1,1,0,0,1,1
output/Oyebode (-6DsTnMAAAAJ)/Desai2025-StressAI.bib,4,0,0,1,1,0,0,0,0,0,1,1
output/Oyebode (-6DsTnMAAAAJ)/Patel2025-SerencoachAI.bib,5,0,0,1,1,0,0,1,0,0,1,1
output/Oyebode (-6DsTnMAAAAJ)/Sen2025-BoozyGears.bib,5,0,0,1,1,0,0,1,0,0,1,1
output/Oyebode (-6DsTnMAAAAJ)/Ataguba2025-DietChange.bib,5,0,0,1,1,0,0,1,0,0,1,1
output/Oyebode (-6DsTnMAAAAJ)/Ataguba2025-FtsApp.bib,5,0,0,1,1,0,0,1,0,0,1,1
output/Oyebode (-6DsTnMAAAAJ)/Natasha2025-HealthCore.bib,0,0,0,0,0,0,0,0,0,0,0,0
output/Oyebode (-6DsTnMAAAAJ)/Alhasani2025-MobileStressAnalysis.bib,0,0,0,0,0,0,0,0,0,0,0,0
output/Oyebode (-6DsTnMAAAAJ)/Ataguba2025-ShoppingGamification.bib,5,0,0,1,1,0,0,1,0,0,1,1
output/Oyebode (-6DsTnMAAAAJ)/Chan2024-HealthExergames.bib,5,0,0,1,1,0,0,1,0,0,1,1
output/Oyebode (-6DsTnMAAAAJ)/Ndulue2025-HealthyGameMotivation.bib,5,0,0,1,1,0,0,1,0,0,1,1
output/Oyebode (-6DsTnMAAAAJ)/Srivastava2025-ARPetActivity.bib,5,0,0,1,1,0,0,1,0,0,1,1
output/Oyebode (-6DsTnMAAAAJ)/Alhasani2025-MobileStressApps.bib,5,0,0,1,1,0,0,1,0,0,1,1
output/Oyebode (-6DsTnMAAAAJ)/Catak2025-GameOn.bib,0,0,0,0,0,0,0,0,0,0,0,0
output/Oyebode (-6DsTnMAAAAJ)/Oyebode2024-EmotionAI.bib,0,0,0,0,0,0,0,0,0,0,0,0
output/Oyebode (-6DsTnMAAAAJ)/Oyebode2024-EmotionAdaptivePersuasion.bib,5,0,0,1,1,0,0,1,0,0,1,1
output/Oyebode (-6DsTnMAAAAJ)/Alslaity2024-HealthTechPersuasion.bib,4,0,0,0,1,0,0,1,0,0,1,1
output/Oyebode (-6DsTnMAAAAJ)/Jelodar2024-EmotionTrends.bib,5,0,0,1,1,0,0,1,0,0,1,1
output/Oyebode (-6DsTnMAAAAJ)/Orji2024-PersuasiveInterfaces.bib,3,0,0,0,1,0,0,0,0,0,1,1
output/Oyebode (-6DsTnMAAAAJ)/Weerasinghe2024-VaccineSentiments.bib,5,0,0,1,1,0,0,1,0,0,1,1
output/Oyebode (-6DsTnMAAAAJ)/Oyebode2022-PersuasionStrategy.bib,5,0,0,1,1,0,0,1,0,0,1,1
output/Oyebode (-6DsTnMAAAAJ)/Oyebode2024-JournalEmotionDetection.bib,5,0,0,1,1,0,0,1,0,0,1,1
output/Oyebode (-6DsTnMAAAAJ)/Alhasani2023-StressManage.bib,5,0,0,1,1,0,0,1,0,0,1,1
output/Oyebode (-6DsTnMAAAAJ)/Oyebode2022-HealthAdaptive.bib,5,0,0,1,1,0,0,1,0,0,1,1
output/Oyebode (-6DsTnMAAAAJ)/Weerasinghe2023-EmotionTrends.bib,7,0,0,1,1,0,0,1,1,1,1,1
output/Oyebode (-6DsTnMAAAAJ)/Oyebode2023-EmotionAdaptivePersuasion.bib,5,0,0,1,1,0,0,1,0,0,1,1
output/Oyebode (-6DsTnMAAAAJ)/Oyebode2023-DrugAdverseReactions.bib,7,0,0,1,1,0,0,1,1,1,1,1
output/Oore (cI0dYX4AAAAJ)/Tonon2025-PsychomotorChanges.bib,5,0,0,1,1,0,0,1,0,0,1,1
output/Oore (cI0dYX4AAAAJ)/Oore2025-RhythmMeasurement.bib,5,0,0,1,1,0,0,1,0,0,1,1
output/Oore (cI0dYX4AAAAJ)/Dumpala2025-TestTrainSpeech.bib,6,0,1,1,1,0,0,1,0,0,1,1
output/Oore (cI0dYX4AAAAJ)/Silva2025-SharpnessGeometry.bib,4,0,0,1,0,0,1,0,0,0,1,1
output/Oore (cI0dYX4AAAAJ)/Peachey2025-SynthInterface.bib,3,0,0,1,0,0,0,0,0,0,1,1
output/Oore (cI0dYX4AAAAJ)/Dumpala2024-DiffAug.bib,6,0,0,1,1,0,1,1,0,0,1,1
output/Oore (cI0dYX4AAAAJ)/Dumpala2024-SugarcrepeSensitivity.bib,5,0,0,1,1,0,0,1,0,0,1,1
output/Oore (cI0dYX4AAAAJ)/Dumpala2024-SyntaxVision.bib,5,0,0,1,0,0,1,1,0,0,1,1
output/Oore (cI0dYX4AAAAJ)/Dumpala2024-PromptSensitivity.bib,4,0,0,1,0,0,0,1,0,0,1,1
output/Oore (cI0dYX4AAAAJ)/Dumpala2024-SymptomDetection.bib,5,0,0,1,1,0,0,1,0,0,1,1
output/Oore (cI0dYX4AAAAJ)/Lowe2024-UnseenClustering.bib,4,0,0,1,0,0,0,1,0,0,1,1
output/Oore (cI0dYX4AAAAJ)/Dumpala2024-VislaBenchmark.bib,4,0,0,1,0,0,0,1,0,0,1,1
output/Oore (cI0dYX4AAAAJ)/Brade2024-SynthScribe.bib,5,0,0,1,1,0,0,1,0,0,1,1
output/Oore (cI0dYX4AAAAJ)/Huang2024-SymbolicDiffusion.bib,4,0,0,1,0,0,0,1,0,0,1,1
output/Oore (cI0dYX4AAAAJ)/Shama2024-RobustDiffusion.bib,1,0,0,1,0,0,0,0,0,0,0,0
output/Oore (cI0dYX4AAAAJ)/Rodriguez2024-SpeechDepressionPrediction.bib,4,0,0,1,0,0,0,1,0,0,1,1
output/Oore (cI0dYX4AAAAJ)/Brade2023-PromptExploration.bib,6,0,0,1,1,0,1,1,0,0,1,1
output/Oore (cI0dYX4AAAAJ)/Napier2023-MovementPreTraining.bib,0,0,0,0,0,0,0,0,0,0,0,0
output/Oore (cI0dYX4AAAAJ)/Hanafi2023-MLApneaPrevention.bib,5,0,0,1,1,0,0,1,0,0,1,1
output/Oore (cI0dYX4AAAAJ)/Dumpala2023-TestTimeTraining.bib,5,0,0,1,0,0,1,1,0,0,1,1
output/Oore (cI0dYX4AAAAJ)/Dumpala2023-SpeechIdentity.bib,7,0,0,1,1,0,0,1,1,1,1,1
output/Oore (cI0dYX4AAAAJ)/Sinclair2023-AIPreventativePAP.bib,6,0,0,1,1,0,0,1,0,1,1,1
output/Oore (cI0dYX4AAAAJ)/Sastry2023-SemiSupervisedScore.bib,0,0,0,0,0,0,0,0,0,0,0,0
output/Oore (cI0dYX4AAAAJ)/Lowe2023-ZeroShotClustering.bib,0,0,0,0,0,0,0,0,0,0,0,0
output/Oore (cI0dYX4AAAAJ)/Sastry2023-DenoiseTrain.bib,0,0,0,0,0,0,0,0,0,0,0,0
output/Oore (cI0dYX4AAAAJ)/Dikaios2023-SpeechPsychiatry.bib,7,0,0,1,1,0,0,1,1,1,1,1
output/Oore (cI0dYX4AAAAJ)/Peachey2023-PatchVAE.bib,5,0,0,1,1,0,0,1,0,0,1,1
output/Orji (-1cHtBQAAAAJ)/Murray2025-SocialWellbeing.bib,6,0,1,1,1,0,0,1,0,0,1,1
output/Orji (-1cHtBQAAAAJ)/Ibitoye2025-EthicalAI.bib,6,0,1,1,1,0,0,1,0,0,1,1
output/Orji (-1cHtBQAAAAJ)/Ataguba2025-AIAfrica.bib,6,0,1,1,1,0,0,1,0,0,1,1
output/Orji (-1cHtBQAAAAJ)/Ataguba2025-LearnerCentricDesign.bib,6,0,1,1,1,0,0,1,0,0,1,1
output/Orji (-1cHtBQAAAAJ)/Osho2025-PiracyNigeria.bib,6,0,1,1,1,0,0,1,0,0,1,1
output/Orji (-1cHtBQAAAAJ)/Sidorov2025-OpioidChatter.bib,6,0,1,1,1,0,0,1,0,0,1,1
output/Orji (-1cHtBQAAAAJ)/Kalu2025-AIHealth.bib,5,0,1,0,1,0,0,1,0,0,1,1
output/Orji (-1cHtBQAAAAJ)/Ataguba2025-HealthyTracking.bib,6,0,1,1,1,0,0,1,0,0,1,1
output/Orji (-1cHtBQAAAAJ)/Alhasani2024-StudentStressInterventions.bib,6,0,1,1,1,0,0,1,0,0,1,1
output/Orji (-1cHtBQAAAAJ)/Orji2025-AIWellbeing.bib,6,0,1,1,1,0,0,1,0,0,1,1
output/Orji (-1cHtBQAAAAJ)/Desai2025-StressAI.bib,5,0,1,1,1,0,0,0,0,0,1,1
output/Orji (-1cHtBQAAAAJ)/Patel2025-SerencoachAI.bib,6,0,1,1,1,0,0,1,0,0,1,1
output/Orji (-1cHtBQAAAAJ)/Roberts2025-STEMOdyssey.bib,6,0,1,1,1,0,0,1,0,0,1,1
output/Orji (-1cHtBQAAAAJ)/Sen2025-BoozyGears.bib,6,0,1,1,1,0,0,1,0,0,1,1
output/Orji (-1cHtBQAAAAJ)/Ataguba2025-DietChange.bib,6,0,1,1,1,0,0,1,0,0,1,1
output/Orji (-1cHtBQAAAAJ)/Bhattacharya2025-SexHealthApp.bib,5,0,1,1,1,0,0,0,0,0,1,1
output/Orji (-1cHtBQAAAAJ)/Srivastava2025-ARExergames.bib,6,0,1,1,1,0,0,1,0,0,1,1
output/Orji (-1cHtBQAAAAJ)/Anukem2025-AIDecisionSupport.bib,6,0,1,1,1,0,0,1,0,0,1,1
output/Orji (-1cHtBQAAAAJ)/Odenigbo2025-DanceAR.bib,6,0,1,1,1,0,0,1,0,0,1,1
output/Orji (-1cHtBQAAAAJ)/Ataguba2025-FtsApp.bib,6,0,1,1,1,0,0,1,0,0,1,1
output/Orji (-1cHtBQAAAAJ)/Nkwo2025-GenderModeration.bib,6,0,1,1,1,0,0,1,0,0,1,1
output/Orji (-1cHtBQAAAAJ)/Nwagu2024-AbsentMindednessIntervention.bib,6,0,1,1,1,0,0,1,0,0,1,1
output/Orji (-1cHtBQAAAAJ)/Alhasani2025-MobileStressAnalysis.bib,1,0,1,0,0,0,0,0,0,0,0,0
output/Orji (-1cHtBQAAAAJ)/Iyer2025-PlayerExperience.bib,6,0,1,1,1,0,0,1,0,0,1,1
output/Orji (-1cHtBQAAAAJ)/Alipour2025-BotDetection.bib,6,0,1,1,1,0,0,1,0,0,1,1
output/Orji (-1cHtBQAAAAJ)/Fetrati2025-PersuasiveSTI.bib,6,0,1,1,1,0,0,1,0,0,1,1
output/Orji (-1cHtBQAAAAJ)/Burns2025-AnxietyScreenTime.bib,6,0,1,1,1,0,0,1,0,0,1,1
output/Orji (-1cHtBQAAAAJ)/Duke2025-MobileSkills.bib,4,0,1,1,0,0,0,0,0,0,1,1
output/Orji (-1cHtBQAAAAJ)/Ataguba2025-ShoppingGamification.bib,6,0,1,1,1,0,0,1,0,0,1,1
output/Orji (-1cHtBQAAAAJ)/Odenigbo2024-ARDance.bib,6,0,1,1,1,0,0,1,0,0,1,1
output/Orji (-1cHtBQAAAAJ)/Ataguba2025-HealthyMukbangAI.bib,6,0,1,1,1,0,0,1,0,0,1,1
output/Orji (-1cHtBQAAAAJ)/Nwokolo2025-ClimateSolarHybrid.bib,6,0,1,1,1,0,0,1,0,0,1,1
output/Orji (-1cHtBQAAAAJ)/Ndulue2024-GameFraming.bib,6,0,1,1,1,0,0,1,0,0,1,1
output/Orji (-1cHtBQAAAAJ)/Chan2024-HealthExergames.bib,6,0,1,1,1,0,0,1,0,0,1,1
output/Orji (-1cHtBQAAAAJ)/Ndulue2025-HealthyGameMotivation.bib,6,0,1,1,1,0,0,1,0,0,1,1
output/Orji (-1cHtBQAAAAJ)/Srivastava2025-ARPetActivity.bib,6,0,1,1,1,0,0,1,0,0,1,1
output/Orji (-1cHtBQAAAAJ)/Alhasani2025-MobileStressApps.bib,6,0,1,1,1,0,0,1,0,0,1,1
output/Orji (-1cHtBQAAAAJ)/Jha2025-CaregiverLink.bib,6,0,1,1,1,0,0,1,0,0,1,1
output/Orji (-1cHtBQAAAAJ)/Musumbulwa2025-HealthCore.bib,6,0,1,1,1,0,0,1,0,0,1,1
output/Orji (-1cHtBQAAAAJ)/Reen2024-ICareInsights.bib,6,0,1,1,1,0,0,1,0,0,1,1
output/Orji (-1cHtBQAAAAJ)/Okenyi2025-VeganChatGPT.bib,6,0,1,1,1,0,0,1,0,0,1,1
output/Orji (-1cHtBQAAAAJ)/Orji2025-SmileApp.bib,6,0,1,1,1,0,0,1,0,0,1,1
output/Orji (-1cHtBQAAAAJ)/Ataguba2025-RecipeWeight.bib,6,0,1,1,1,0,0,1,0,0,1,1
output/Orji (-1cHtBQAAAAJ)/Ataguba2025-EmotionRegulationGames.bib,6,0,1,1,1,0,0,1,0,0,1,1
output/Orji (-1cHtBQAAAAJ)/Iyer2024-GameHeuristics.bib,6,0,1,1,1,0,0,1,0,0,1,1
output/Orji (-1cHtBQAAAAJ)/Ndulue2024-FrameEffect.bib,6,0,1,1,1,0,0,1,0,0,1,1
output/Orji (-1cHtBQAAAAJ)/Okonkwo2025-HydrogenFeasibility.bib,1,0,1,0,0,0,0,0,0,0,0,0
output/Orji (-1cHtBQAAAAJ)/Ahmad2025-OpioidNER.bib,5,0,1,1,0,0,1,0,0,0,1,1
output/Orji (-1cHtBQAAAAJ)/Okuboyejo2025-ReviewInsights.bib,6,0,1,1,1,0,0,1,0,0,1,1
output/Orji (-1cHtBQAAAAJ)/Almutari2024-StepsBooster.bib,6,0,1,1,1,0,0,1,0,0,1,1
output/Orji (-1cHtBQAAAAJ)/Aremu2024-PromptReliability.bib,7,0,1,1,1,0,1,1,0,0,1,1
output/Orji (-1cHtBQAAAAJ)/Fetrati2024-SexualHealthChatbots.bib,6,0,1,1,1,0,0,1,0,0,1,1
output/Orji (-1cHtBQAAAAJ)/Chan2024-DigitalSensitivity.bib,6,0,1,1,1,0,0,1,0,0,1,1
output/Orji (-1cHtBQAAAAJ)/Yisa2024-BirthdayDisclosures.bib,6,0,1,1,1,0,0,1,0,0,1,1
output/Orji (-1cHtBQAAAAJ)/Boruah2025-SocialMotives.bib,6,0,1,1,1,0,0,1,0,0,1,1
output/Orji (-1cHtBQAAAAJ)/Jha2025-CaregiverDesign.bib,6,0,1,1,1,0,0,1,0,0,1,1
output/Orji (-1cHtBQAAAAJ)/Chan2024-MobileHealthViz.bib,6,0,1,1,1,0,0,1,0,0,1,1
output/Orji (-1cHtBQAAAAJ)/Desai2025-SansTracas.bib,6,0,1,1,1,0,0,1,0,0,1,1
output/Orji (-1cHtBQAAAAJ)/Jha2024-LifeSave.bib,6,0,1,1,1,0,0,1,0,0,1,1
output/Orji (-1cHtBQAAAAJ)/Alhasani2024-StressAppEffectiveness.bib,5,0,0,1,1,0,0,1,0,0,1,1
output/Orji (-1cHtBQAAAAJ)/Etienne2025-PatientVaccineAid.bib,6,0,1,1,1,0,0,1,0,0,1,1
output/Orji (-1cHtBQAAAAJ)/Catak2025-GameOn.bib,1,0,1,0,0,0,0,0,0,0,0,0
output/Orji (-1cHtBQAAAAJ)/Adib2025-ClimateNarrative.bib,6,0,1,1,1,0,0,1,0,0,1,1
output/Orji (-1cHtBQAAAAJ)/Alqahtani2025-TechMentalHealth.bib,6,0,1,1,1,0,0,1,0,0,1,1
output/Orji (-1cHtBQAAAAJ)/Jha2025-LifeLinkCaregivers.bib,6,0,1,1,1,0,0,1,0,0,1,1
output/Orji (-1cHtBQAAAAJ)/Ataguba2026-FoodDrugML.bib,1,0,1,0,0,0,0,0,0,0,0,0
output/Orji (-1cHtBQAAAAJ)/Ataguba2026-AIHealthyEating.bib,1,0,1,0,0,0,0,0,0,0,0,0
output/Orji (-1cHtBQAAAAJ)/Weerasinghe2024-VaccineSentiments.bib,6,0,1,1,1,0,0,1,0,0,1,1
output/Orji (-1cHtBQAAAAJ)/Yisa2024-SextingDistress.bib,6,0,1,1,1,0,0,1,0,0,1,1
output/Orji (-1cHtBQAAAAJ)/Yisa2024-PrivacyGap.bib,6,0,1,1,1,0,0,1,0,0,1,1
output/Orji (-1cHtBQAAAAJ)/Chan2024-AfrocentricElearning.bib,6,0,1,1,1,0,0,1,0,0,1,1
output/Orji (-1cHtBQAAAAJ)/Ataguba2024-FoodWeightAI.bib,6,0,1,1,1,0,0,1,0,0,1,1
output/Orji (-1cHtBQAAAAJ)/Adu2024-EquityDigitalHealth.bib,6,0,1,1,1,0,0,1,0,0,1,1
output/Orji (-1cHtBQAAAAJ)/Eboreime2024-LifeSkillsRESETTLE.bib,1,0,1,0,0,0,0,0,0,0,0,0
output/Orji (-1cHtBQAAAAJ)/Hakim2024-CommunityImmunity.bib,6,0,1,1,1,0,0,1,0,0,1,1
output/Orji (-1cHtBQAAAAJ)/Chan2023-MoodieInsights.bib,6,0,1,1,1,0,0,1,0,0,1,1
output/Orji (-1cHtBQAAAAJ)/Banire2024-AttentionalBiasModification.bib,6,0,1,1,1,0,0,1,0,0,1,1
output/Orji (-1cHtBQAAAAJ)/Oyebode2024-EmotionAdaptivePersuasion.bib,6,0,1,1,1,0,0,1,0,0,1,1
output/Orji (-1cHtBQAAAAJ)/Chan2023-MotivationPersonalization.bib,6,0,1,1,1,0,0,1,0,0,1,1
output/Orji (-1cHtBQAAAAJ)/Omisore2024-ExtendedReality.bib,5,0,1,0,1,0,0,1,0,0,1,1
output/Orji (-1cHtBQAAAAJ)/Almutari2024-ActivityDeterminants.bib,6,0,1,1,1,0,0,1,0,0,1,1
output/Orji (-1cHtBQAAAAJ)/Reen2024-iCareIndia.bib,6,0,1,1,1,0,0,1,0,0,1,1
output/Orji (-1cHtBQAAAAJ)/Alslaity2024-HealthTechPersuasion.bib,5,0,1,0,1,0,0,1,0,0,1,1
output/Orji (-1cHtBQAAAAJ)/Orji2023-MotivationMechanism.bib,6,0,1,1,1,0,0,1,0,0,1,1
output/Orji (-1cHtBQAAAAJ)/Ndulue2024-GamePersuasion.bib,6,0,1,1,1,0,0,1,0,0,1,1
output/Orji (-1cHtBQAAAAJ)/Jelodar2024-EmotionTrends.bib,6,0,1,1,1,0,0,1,0,0,1,1
output/Orji (-1cHtBQAAAAJ)/Ataguba2024-AfricanFoodDataset.bib,6,0,1,1,1,0,0,1,0,0,1,1
output/Orji (-1cHtBQAAAAJ)/Alslaity2024-EmotionAnalysis.bib,0,0,0,0,0,0,0,0,0,0,0,0
output/Orji (-1cHtBQAAAAJ)/Ataguba2024-FoodRecognition.bib,6,0,1,1,1,0,0,1,0,0,1,1
output/Orji (-1cHtBQAAAAJ)/Ataguba2024-EthicalData.bib,6,0,1,1,1,0,0,1,0,0,1,1
output/Orji (-1cHtBQAAAAJ)/Ndulue2024-GenderPersuasion.bib,1,0,1,0,0,0,0,0,0,0,0,0
output/Orji (-1cHtBQAAAAJ)/Orji2024-PersuasiveInterfaces.bib,4,0,1,0,1,0,0,0,0,0,1,1
output/Orji (-1cHtBQAAAAJ)/Ataguba2024-PostureDetection.bib,4,0,1,0,1,0,0,0,0,0,1,1
output/Orji (-1cHtBQAAAAJ)/Orji2024-StressAI.bib,6,0,1,1,1,0,0,1,0,0,1,1
output/Orji (-1cHtBQAAAAJ)/Alqahtani2024-GratitudeMotivation.bib,0,0,0,0,0,0,0,0,0,0,0,0
output/Orji (-1cHtBQAAAAJ)/Anukem2024-HydrateAI.bib,6,0,1,1,1,0,0,1,0,0,1,1
output/Orji (-1cHtBQAAAAJ)/Aremu2024-ClimateBias.bib,5,0,1,0,1,0,0,1,0,0,1,1
output/Orji (-1cHtBQAAAAJ)/Lomotey2024-CocoaDiagnose.bib,6,0,1,1,1,0,0,1,0,0,1,1
output/Orji (-1cHtBQAAAAJ)/Adaji2024-PersuasiveTech.bib,1,0,0,1,0,0,0,0,0,0,0,0
output/Orji (-1cHtBQAAAAJ)/Adib2023-ClimateAwareness.bib,6,0,1,1,1,0,0,1,0,0,1,1
output/Orji (-1cHtBQAAAAJ)/Mulchandani2022-PersuasionGames.bib,5,0,0,1,1,0,0,1,0,0,1,1
output/Orji (-1cHtBQAAAAJ)/Green2023-QsortDating.bib,6,0,1,1,1,0,0,1,0,0,1,1
output/Orji (-1cHtBQAAAAJ)/Alslaity2023-PersonalizationInterventions.bib,7,0,0,1,1,0,0,1,1,1,1,1
output/Orji (-1cHtBQAAAAJ)/Rapp2023-BehavRec.bib,6,0,1,1,1,0,0,1,0,0,1,1
output/Orji (-1cHtBQAAAAJ)/Oyebode2024-JournalEmotionDetection.bib,6,0,1,1,1,0,0,1,0,0,1,1
output/Orji (-1cHtBQAAAAJ)/Chan2024-MoodPatterns.bib,5,0,1,0,1,0,0,1,0,0,1,1
output/Orji (-1cHtBQAAAAJ)/Bhattacharya2023-SexEdApp.bib,6,0,1,1,1,0,0,1,0,0,1,1
output/Orji (-1cHtBQAAAAJ)/Jha2023-ProTaskinator.bib,6,0,1,1,1,0,0,1,0,0,1,1
output/Orji (-1cHtBQAAAAJ)/Alhasani2023-StressManage.bib,6,0,1,1,1,0,0,1,0,0,1,1
output/Orji (-1cHtBQAAAAJ)/Marindragu2023-YouthMentalHealth.bib,6,0,1,1,1,0,0,1,0,0,1,1
output/Orji (-1cHtBQAAAAJ)/Aldenaini2022-MobilePersuasion.bib,5,0,0,1,1,0,0,1,0,0,1,1
output/Orji (-1cHtBQAAAAJ)/Oyibo2023-AdaptPersuasion.bib,6,0,1,1,1,0,0,1,0,0,1,1
output/Orji (-1cHtBQAAAAJ)/Ndulue2023-PersuasiveFramework.bib,6,0,1,1,1,0,0,1,0,0,1,1
output/Orji (-1cHtBQAAAAJ)/Oyebode2022-HealthAdaptive.bib,5,0,0,1,1,0,0,1,0,0,1,1
output/Orji (-1cHtBQAAAAJ)/Weerasinghe2023-EmotionTrends.bib,6,0,1,1,1,0,0,1,0,0,1,1
output/Orji (-1cHtBQAAAAJ)/Chan2023-Gardenquest.bib,6,0,1,1,1,0,0,1,0,0,1,1
output/Orji (-1cHtBQAAAAJ)/Oyebode2023-EmotionAdaptivePersuasion.bib,6,0,1,1,1,0,0,1,0,0,1,1
output/Orji (-1cHtBQAAAAJ)/Lomotey2023-TweetConcerns.bib,6,0,1,1,1,0,0,1,0,0,1,1
output/Orji (-1cHtBQAAAAJ)/Alqahtani2022-MotivationTailoring.bib,5,0,0,1,1,0,0,1,0,0,1,1
output/Orji (-1cHtBQAAAAJ)/Agyapong2023-WellnessZambia.bib,4,0,1,1,0,0,0,0,0,0,1,1
output/Orji (-1cHtBQAAAAJ)/Orji2023-HealthARML.bib,6,0,1,1,1,0,0,1,0,0,1,1
output/Orji (-1cHtBQAAAAJ)/Oyebode2023-DrugAdverseReactions.bib,6,0,1,1,1,0,0,1,0,0,1,1
output/Orji (-1cHtBQAAAAJ)/Rapp2023-PersuasionSystems.bib,1,0,1,0,0,0,0,0,0,0,0,0
output/Orji (-1cHtBQAAAAJ)/Rapp2023-PersuasionIssues.bib,1,0,1,0,0,0,0,0,0,0,0,0
output/Orji (-1cHtBQAAAAJ)/Banire2023-AttentionBias.bib,6,0,1,1,1,0,0,1,0,0,1,1
output/Orji (-1cHtBQAAAAJ)/Alipour2023-SocialBotAnalysis.bib,3,0,1,1,0,0,0,0,0,0,0,1
output/Orji (-1cHtBQAAAAJ)/Nwagu2023-MindfulUsage.bib,6,0,1,1,1,0,0,1,0,0,1,1
output/Orji (-1cHtBQAAAAJ)/Nwagu2023-BrainVR.bib,5,0,0,1,1,0,0,1,0,0,1,1
output/Orji (-1cHtBQAAAAJ)/Ganesh2023-GameSecurity.bib,5,0,0,1,1,0,0,1,0,0,1,1
output/Orji (-1cHtBQAAAAJ)/Jha2023-RiskPrevention.bib,6,0,1,1,1,0,0,1,0,0,1,1
output/Orji (-1cHtBQAAAAJ)/Yisa2023-PrivacyDecisions.bib,6,0,1,1,1,0,0,1,0,0,1,1
output/Orji (-1cHtBQAAAAJ)/Oyebode2022-PersuasionStrategy.bib,5,0,0,1,1,0,0,1,0,0,1,1
output/Orji (-1cHtBQAAAAJ)/Ndulue2023-GameChange.bib,5,0,0,1,1,0,0,1,0,0,1,1
output/Orji (-1cHtBQAAAAJ)/Omisore2023-HandMotionRecognition.bib,5,0,0,1,1,0,0,1,0,0,1,1
output/Poitras (TNaVSQwAAAAJ)/Poitras2024-K12Programming.bib,4,0,0,0,1,0,0,1,0,0,1,1
output/Poitras (TNaVSQwAAAAJ)/Poitras2025-DataDecisions.bib,4,0,0,0,1,0,0,1,0,0,1,1
output/Poitras (TNaVSQwAAAAJ)/Poitras2024-AIProgramming.bib,5,0,0,1,1,0,0,1,0,0,1,1
output/Poitras (TNaVSQwAAAAJ)/Lin2024-AIInclusiveLearning.bib,5,0,0,1,1,0,0,1,0,0,1,1
output/Poitras (TNaVSQwAAAAJ)/Sampangi2024-SpecsGrading.bib,5,0,0,1,1,0,0,1,0,0,1,1
output/Poitras (TNaVSQwAAAAJ)/Sampangi2024-LicenseLearn.bib,0,0,0,0,0,0,0,0,0,0,0,0
output/Poitras (TNaVSQwAAAAJ)/Poitras2024-CognitiveAI.bib,4,0,0,0,1,0,0,1,0,0,1,1
output/Poitras (TNaVSQwAAAAJ)/Lajoie2023-LearningEnvironments.bib,0,0,0,0,0,0,0,0,0,0,0,0
output/Poitras (TNaVSQwAAAAJ)/Poitras2023-TimeSelfRegulatedLearning.bib,0,0,0,0,0,0,0,0,0,0,0,0
output/Poitras (TNaVSQwAAAAJ)/Lajoie2022-SelfRegulationPerformance.bib,5,0,0,1,1,0,0,1,0,0,1,1
output/Poitras (TNaVSQwAAAAJ)/Poitras2023-LearningAnalytics.bib,4,0,0,0,1,0,0,1,0,0,1,1
output/Poitras (TNaVSQwAAAAJ)/Poitras2022-SelfEfficacyBelonging.bib,4,0,0,0,1,0,0,1,0,0,1,1
output/Poitras (TNaVSQwAAAAJ)/Blouin2022-MetacognitiveComprehension.bib,5,0,0,1,1,0,0,1,0,0,1,1
output/Poitras (TNaVSQwAAAAJ)/Blouin2022-SketchingProblemSolving.bib,5,0,0,1,1,0,0,1,0,0,1,1
output/Rajendran (-novlhIAAAAJ)/Thibodeau2025-RiskFairness.bib,4,0,0,1,0,0,0,1,0,0,1,1
output/Rajendran (-novlhIAAAAJ)/Rosati2024-FeedbackDefence.bib,4,0,0,1,0,0,0,1,0,0,1,1
output/Rajendran (-novlhIAAAAJ)/Sudhakar2025-GeneralistHanabi.bib,4,0,0,1,0,0,0,1,0,0,1,1
output/Rajendran (-novlhIAAAAJ)/Bouchoucha2024-RLDebugging.bib,5,0,0,1,1,0,0,1,0,0,1,1
output/Rajendran (-novlhIAAAAJ)/Thibodeau2024-FairnessIncentives.bib,4,0,0,1,0,0,0,1,0,0,1,1
output/Rajendran (-novlhIAAAAJ)/Chandar2024-ScaleRL.bib,5,0,0,1,1,0,0,1,0,0,1,1
output/Rajendran (-novlhIAAAAJ)/Sudhakar2024-DataOptimal.bib,0,0,0,0,0,0,0,0,0,0,0,0
output/Rajendran (-novlhIAAAAJ)/Patil2024-IntelligentSwitching.bib,4,0,0,1,0,0,0,1,0,0,1,1
output/Rajendran (-novlhIAAAAJ)/Samsami2024-WorldModels.bib,4,0,0,1,0,0,0,1,0,0,1,1
output/Rajendran (-novlhIAAAAJ)/Govindarajan2024-CrystalRL.bib,5,0,0,1,1,0,0,1,0,0,1,1
output/Rajendran (-novlhIAAAAJ)/Rosati2024-ReverseDefense.bib,0,0,0,0,0,0,0,0,0,0,0,0
output/Rajendran (-novlhIAAAAJ)/Rahimikalahroudi2023-LocalForgetting.bib,5,0,0,1,0,0,1,1,0,0,1,1
output/Rajendran (-novlhIAAAAJ)/Nekoei2023-HanabiCoordination.bib,4,0,0,1,0,0,0,1,0,0,1,1
output/Rajendran (-novlhIAAAAJ)/Zhao2023-CoopExplore.bib,5,0,0,1,0,0,1,1,0,0,1,1
output/Rajendran (-novlhIAAAAJ)/Nekoei2023-MultiTimescaleLearning.bib,4,0,0,1,0,0,0,1,0,0,1,1
output/Rajendran (-novlhIAAAAJ)/Govindarajan2023-BehavioralCloning.bib,0,0,0,0,0,0,0,0,0,0,0,0
output/Rahman (9SrqOewAAAAJ)/Jahan2025-HessianFaultDiagnosis.bib,5,0,0,1,1,0,0,1,0,0,1,1
output/Rahman (9SrqOewAAAAJ)/Yeasmin2025-BugLocalization.bib,5,0,0,1,1,0,0,1,0,0,1,1
output/Rahman (9SrqOewAAAAJ)/Mukherjee2025-DomainTermExplanation.bib,3,0,0,1,0,0,0,0,0,0,1,1
output/Rahman (9SrqOewAAAAJ)/Shah2024-DeepBugReproducibility.bib,5,0,0,1,1,0,0,1,0,0,1,1
output/Rahman (9SrqOewAAAAJ)/Jahan2025-FaultDetection.bib,5,0,0,1,1,0,0,1,0,0,1,1
output/Rahman (9SrqOewAAAAJ)/Samir2025-IntelligentFeedback.bib,5,0,0,1,1,0,0,1,0,0,1,1
output/Rahman (9SrqOewAAAAJ)/Mahbub2024-CodeSmells.bib,5,0,0,1,1,0,0,1,0,0,1,1
output/Rahman (9SrqOewAAAAJ)/Mondal2024-SnippetIdentification.bib,5,0,0,1,1,0,0,1,0,0,1,1
output/Rahman (9SrqOewAAAAJ)/Mahbub2024-CodeContextTransformers.bib,5,0,0,1,1,0,0,1,0,0,1,1
output/Rahman (9SrqOewAAAAJ)/Shuvo2023-CodeReviewLeverage.bib,5,0,0,1,1,0,0,1,0,0,1,1
output/Rahman (9SrqOewAAAAJ)/Mahbub2023-Bugsplainer.bib,5,0,0,1,1,0,0,1,0,0,1,1
output/Rahman (9SrqOewAAAAJ)/Rahman2023-QueryReformulation.bib,4,0,0,0,1,0,0,1,0,0,1,1
output/Rahman (9SrqOewAAAAJ)/Khomh2023-IntelligentSoftware.bib,4,0,0,1,1,0,0,0,0,0,1,1
output/Rahman (9SrqOewAAAAJ)/Mahbub2023-DefectData.bib,5,0,0,1,1,0,0,1,0,0,1,1
output/Rahman (9SrqOewAAAAJ)/Mondal2023-SubjectivityObjectivity.bib,5,0,0,1,1,0,0,1,0,0,1,1
output/Rahman (9SrqOewAAAAJ)/Mahbub2023-BugStructureNMT.bib,5,0,0,1,1,0,0,1,0,0,1,1
output/Rahman (9SrqOewAAAAJ)/Mukherjee2023-BugReportAnswers.bib,1,0,0,1,0,0,0,0,0,0,0,0
output/Rahman (9SrqOewAAAAJ)/Jahan2023-TextDissimilarity.bib,5,0,0,1,1,0,0,1,0,0,1,1
output/Ralph (oRBuFa0AAAAJ)/Baltes2025-LLMStudies.bib,4,0,1,1,0,0,0,0,0,0,1,1
output/Ralph (oRBuFa0AAAAJ)/Kuutila2025-LongitudinalResearch.bib,5,0,0,1,1,0,0,1,0,0,1,1
output/Ralph (oRBuFa0AAAAJ)/Ayoola2025-PersonaSustainability.bib,5,0,0,1,1,0,0,1,0,0,1,1
output/Ralph (oRBuFa0AAAAJ)/Sedano2025-SustainableDevelopment.bib,0,0,0,0,0,0,0,0,0,0,0,0
output/Ralph (oRBuFa0AAAAJ)/Jackson2025-AICreativity.bib,5,0,0,1,1,0,0,1,0,0,1,1
output/Ralph (oRBuFa0AAAAJ)/Jackson2024-GenAICreativity.bib,4,0,0,1,0,0,0,1,0,0,1,1
output/Ralph (oRBuFa0AAAAJ)/Ralph2024-SoftwareMetrology.bib,5,0,0,1,1,0,0,1,0,0,1,1
output/Ralph (oRBuFa0AAAAJ)/Baltes2024-LitReviewSE.bib,6,0,0,1,1,0,1,1,0,0,1,1
output/Ralph (oRBuFa0AAAAJ)/Russo2024-HumanCentricAI.bib,5,0,0,1,1,0,0,1,0,0,1,1
output/Ralph (oRBuFa0AAAAJ)/Huotala2024-LLMReviewScreening.bib,5,0,0,1,1,0,0,1,0,0,1,1
output/Ralph (oRBuFa0AAAAJ)/Abrahao2024-EvidenceSE.bib,5,0,0,1,1,0,0,1,0,0,1,1
output/Ralph (oRBuFa0AAAAJ)/Santos2023-DistributedScrum.bib,5,0,0,1,1,0,0,1,0,0,1,1
output/Ralph (oRBuFa0AAAAJ)/Santos2023-HybridResilience.bib,5,0,0,1,1,0,0,1,0,0,1,1
output/Ralph (oRBuFa0AAAAJ)/Mcguire2023-StratifiedSustainability.bib,6,0,0,1,1,0,1,1,0,0,1,1
output/Ralph (oRBuFa0AAAAJ)/Santos2023-LgbtqiaRemoteWork.bib,5,0,0,1,1,0,0,1,0,0,1,1
output/Ralph (oRBuFa0AAAAJ)/Turhan2023-EASE2023Chairs.bib,0,0,0,0,0,0,0,0,0,0,0,0
output/Ralph (oRBuFa0AAAAJ)/Lorey2023-SocialScience.bib,1,0,0,1,0,0,0,0,0,0,0,0
output/Reilly (fZ56s2EAAAAJ)/Almangush2025-ResumptionAids.bib,5,0,0,1,1,0,0,1,0,0,1,1
output/Reilly (fZ56s2EAAAAJ)/Raza2025-PerspectAR.bib,5,0,0,1,1,0,0,1,0,0,1,1
output/Reilly (fZ56s2EAAAAJ)/Hu2025-ModelSelect.bib,0,0,0,0,0,0,0,0,0,0,0,0
output/Reilly (fZ56s2EAAAAJ)/Hu2024-GanderAR.bib,5,0,0,1,1,0,0,1,0,0,1,1
output/Reilly (fZ56s2EAAAAJ)/Connor2024-PairDynamics.bib,5,0,0,1,1,0,0,1,0,0,1,1
output/Reilly (fZ56s2EAAAAJ)/Porcino2024-AquariaAR.bib,5,0,0,1,1,0,0,1,0,0,1,1
output/Reilly (fZ56s2EAAAAJ)/Nasirinejad2024-MobileProjections.bib,5,0,0,1,1,0,0,1,0,0,1,1
output/Reilly (fZ56s2EAAAAJ)/Haltner2023-BeadWeavingComparison.bib,5,0,0,1,1,0,0,1,0,0,1,1
output/Reilly (fZ56s2EAAAAJ)/Hu2023-GlyphTrajectory.bib,3,0,0,1,0,0,0,0,0,0,1,1
output/Reilly (fZ56s2EAAAAJ)/Hu2023-GlyphBlend.bib,3,0,0,1,0,0,0,0,0,0,1,1
output/Rosborough (kG4oQmsAAAAJ)/Reynolds2025-IPFutures.bib,3,0,0,0,1,0,0,0,0,0,1,1
output/Rosborough (kG4oQmsAAAAJ)/Rosborough2025-RepairMap.bib,4,0,0,0,1,0,0,1,0,0,1,1
output/Rosborough (kG4oQmsAAAAJ)/Rosborough2025-AgriDataLaw.bib,5,0,0,1,1,0,0,1,0,0,1,1
output/Rosborough (kG4oQmsAAAAJ)/Rosborough2025-TechAccess.bib,0,0,0,0,0,0,0,0,0,0,0,0
output/Rosborough (kG4oQmsAAAAJ)/Rosborough2024-TPMAccess.bib,0,0,0,0,0,0,0,0,0,0,0,0
output/Rosborough (kG4oQmsAAAAJ)/Rosborough2023-CopyrightRepair.bib,5,0,0,1,1,0,0,1,0,0,1,1
output/Rosborough (kG4oQmsAAAAJ)/Rosborough2025-CodeSecurity.bib,4,0,0,0,1,0,0,1,0,0,1,1
output/Rosborough (kG4oQmsAAAAJ)/Rosborough2024-SoftwareFarming.bib,0,0,0,0,0,0,0,0,0,0,0,0
output/Rosborough (kG4oQmsAAAAJ)/Rosborough2024-RightToRepair.bib,0,0,0,0,0,0,0,0,0,0,0,0
output/Rosborough (kG4oQmsAAAAJ)/Rosborough2024-NothingWorks.bib,0,0,0,0,0,0,0,0,0,0,0,0
output/Rosborough (kG4oQmsAAAAJ)/Rosborough2023-RepairSoftware.bib,0,0,0,0,0,0,0,0,0,0,0,0
output/Rosborough (kG4oQmsAAAAJ)/Rosborough2023-RightToRepair.bib,5,0,0,1,1,0,0,1,0,0,1,1
output/Rosborough (kG4oQmsAAAAJ)/Guibault2023-IntellectualProperty.bib,0,0,0,0,0,0,0,0,0,0,0,0
output/Rudzicz (elXOB1sAAAAJ)/Rahimi2025-CrossEncoderAttribution.bib,6,0,1,1,1,0,0,1,0,0,1,1
output/Rudzicz (elXOB1sAAAAJ)/Wang2025-TrustworthyQA.bib,6,0,1,1,1,0,0,1,0,0,1,1
output/Rudzicz (elXOB1sAAAAJ)/Casper2025-AIModelRisk.bib,5,0,1,0,1,0,0,1,0,0,1,1
output/Rudzicz (elXOB1sAAAAJ)/Badawi2025-LLMTrust.bib,4,0,1,1,0,0,0,0,0,0,1,1
output/Rudzicz (elXOB1sAAAAJ)/Soleymani2025-SoftAdaClip.bib,5,0,1,1,0,0,0,1,0,0,1,1
output/Rudzicz (elXOB1sAAAAJ)/Dadsetan2025-GradientDenoising.bib,5,0,1,1,0,0,0,1,0,0,1,1
output/Rudzicz (elXOB1sAAAAJ)/Mianroodi2025-MedSynth.bib,4,0,1,1,0,0,0,0,0,0,1,1
output/Rudzicz (elXOB1sAAAAJ)/Feng2025-CausalEval.bib,6,0,1,1,1,0,0,1,0,0,1,1
output/Rudzicz (elXOB1sAAAAJ)/Latypov2024-MSNeuralgia.bib,6,0,1,1,1,0,0,1,0,0,1,1
output/Rudzicz (elXOB1sAAAAJ)/Jha2025-PatientTrust.bib,4,0,1,1,0,0,0,0,0,0,1,1
output/Rudzicz (elXOB1sAAAAJ)/Berlotattwell2025-LLMLearningFails.bib,5,0,1,1,0,0,0,1,0,0,1,1
output/Rudzicz (elXOB1sAAAAJ)/Roewerdespres2024-CommonsenseMeasurability.bib,6,0,1,1,1,0,0,1,0,0,1,1
output/Rudzicz (elXOB1sAAAAJ)/Vinden2025-ContraSim.bib,5,0,1,1,0,0,0,1,0,0,1,1
output/Rudzicz (elXOB1sAAAAJ)/Vinden2025-ContrastiveFinance.bib,1,0,1,0,0,0,0,0,0,0,0,0
output/Rudzicz (elXOB1sAAAAJ)/Zeng2025-GradientInversion.bib,6,0,1,1,1,0,0,1,0,0,1,1
output/Rudzicz (elXOB1sAAAAJ)/Rosati2025-SpectralLock.bib,1,0,1,0,0,0,0,0,0,0,0,0
output/Rudzicz (elXOB1sAAAAJ)/Latypov2025-SurgicalStratification.bib,6,0,1,1,1,0,0,1,0,0,1,1
output/Rudzicz (elXOB1sAAAAJ)/Khattak2025-MLOps.bib,6,0,1,1,1,0,0,1,0,0,1,1
output/Rudzicz (elXOB1sAAAAJ)/Atanasov2024-RepresentationNoising.bib,5,0,0,1,1,0,0,1,0,0,1,1
output/Rudzicz (elXOB1sAAAAJ)/Dadsetan2024-MedicalCoderFairness.bib,5,0,1,1,0,0,0,1,0,0,1,1
output/Rudzicz (elXOB1sAAAAJ)/Jaipersaud2024-ImplicitPortrayal.bib,5,0,1,1,0,0,0,1,0,0,1,1
output/Rudzicz (elXOB1sAAAAJ)/Gonzales2024-TextMusicGen.bib,2,0,1,1,0,0,0,0,0,0,0,0
output/Rudzicz (elXOB1sAAAAJ)/Roy2024-GraphFusion.bib,6,0,1,1,1,0,0,1,0,0,1,1
output/Rudzicz (elXOB1sAAAAJ)/Rosati2024-AttackDefense.bib,5,0,0,1,1,0,0,1,0,0,1,1
output/Rudzicz (elXOB1sAAAAJ)/Berlotattwell2024-LibrarySingleUse.bib,5,0,1,1,0,0,0,1,0,0,1,1
output/Rudzicz (elXOB1sAAAAJ)/Rosati2024-FeedbackDefence.bib,5,0,1,1,0,0,0,1,0,0,1,1
output/Rudzicz (elXOB1sAAAAJ)/Damours2024-GenomicNavigator.bib,6,0,1,1,1,0,0,1,0,0,1,1
output/Rudzicz (elXOB1sAAAAJ)/Rosati2024-ReverseDefense.bib,1,0,1,0,0,0,0,0,0,0,0,0
output/Rudzicz (elXOB1sAAAAJ)/Namavarian2024-StayPrediction.bib,2,0,1,1,0,0,0,0,0,0,0,0
output/Rudzicz (elXOB1sAAAAJ)/Fast2024-CareTechCanada.bib,1,0,1,0,0,0,0,0,0,0,0,0
output/Rudzicz (elXOB1sAAAAJ)/Ge2024-ModelCircuits.bib,5,0,1,1,0,0,0,1,0,0,1,1
output/Rudzicz (elXOB1sAAAAJ)/Dumpala2024-SymptomDetection.bib,6,0,1,1,1,0,0,1,0,0,1,1
output/Rudzicz (elXOB1sAAAAJ)/Ge2024-KnowledgeEdit.bib,5,0,1,1,0,0,0,1,0,0,1,1
output/Rudzicz (elXOB1sAAAAJ)/Huang2024-CharacterPortrayal.bib,5,0,1,1,0,0,0,1,0,0,1,1
output/Rudzicz (elXOB1sAAAAJ)/Qiu2024-SituatedExplanations.bib,5,0,1,1,0,0,0,1,0,0,1,1
output/Rudzicz (elXOB1sAAAAJ)/Saqur2024-StochasticGating.bib,6,0,1,1,1,0,0,1,0,0,1,1
output/Rudzicz (elXOB1sAAAAJ)/Lee2024-DigitalGenetics.bib,6,0,1,1,1,0,0,1,0,0,1,1
output/Rudzicz (elXOB1sAAAAJ)/Ge2024-CircuitKnowledge.bib,1,0,1,0,0,0,0,0,0,0,0,0
output/Rudzicz (elXOB1sAAAAJ)/Wang2024-MedicalReRank.bib,6,0,1,1,1,0,0,1,0,0,1,1
output/Rudzicz (elXOB1sAAAAJ)/Nikouline2024-TransfusionPrediction.bib,6,0,1,1,1,0,0,1,0,0,1,1
output/Rudzicz (elXOB1sAAAAJ)/Wang2024-AuxiliaryKnowledge.bib,5,0,1,1,0,0,0,1,0,0,1,1
output/Rudzicz (elXOB1sAAAAJ)/Saqur2024-NiftyNews.bib,5,0,1,1,0,0,0,1,0,0,1,1
output/Rudzicz (elXOB1sAAAAJ)/Pimentel2024-ExoplanetDetection.bib,6,0,1,1,1,0,0,1,0,0,1,1
output/Rudzicz (elXOB1sAAAAJ)/Ajwani2024-AdversarialLLM.bib,4,0,0,1,0,0,0,1,0,0,1,1
output/Rudzicz (elXOB1sAAAAJ)/Rosati2024-NoisyFineTuning.bib,0,0,0,0,0,0,0,0,0,0,0,0
output/Rudzicz (elXOB1sAAAAJ)/Ajwani2024-PromptTuning.bib,5,0,1,1,0,0,0,1,0,0,1,1
output/Rudzicz (elXOB1sAAAAJ)/Taghibeyglou2024-AlzheimerDetection.bib,6,0,1,1,1,0,0,1,0,0,1,1
output/Rudzicz (elXOB1sAAAAJ)/Rosati2024-ModelEditing.bib,6,0,1,1,1,0,0,1,0,0,1,1
output/Rudzicz (elXOB1sAAAAJ)/Lia2023-ArcherLeadership.bib,6,0,1,1,1,0,0,1,0,0,1,1
output/Rudzicz (elXOB1sAAAAJ)/Lia2024-TeamTone.bib,6,0,1,1,1,0,0,1,0,0,1,1
output/Rudzicz (elXOB1sAAAAJ)/Chaudhry2024-DeidSystems.bib,0,0,0,0,0,0,0,0,0,0,0,0
output/Rudzicz (elXOB1sAAAAJ)/Chanlatte2024-GeometryGeneration.bib,6,0,1,1,1,0,0,1,0,0,1,1
output/Rudzicz (elXOB1sAAAAJ)/Rameau2024-VoiceProtocols.bib,6,0,1,1,1,0,0,1,0,0,1,1
output/Rudzicz (elXOB1sAAAAJ)/Changawala2024-StutterWhisper.bib,6,0,1,1,1,0,0,1,0,0,1,1
output/Rudzicz (elXOB1sAAAAJ)/Kainth2024-MirrorDescent.bib,1,0,1,0,0,0,0,0,0,0,0,0
output/Rudzicz (elXOB1sAAAAJ)/Rudzicz2023-RoomTraffic.bib,0,0,0,0,0,0,0,0,0,0,0,0
output/Rudzicz (elXOB1sAAAAJ)/Tianbao2023-SurgicalDeid.bib,0,0,0,0,0,0,0,0,0,0,0,0
output/Rudzicz (elXOB1sAAAAJ)/Mcburney2023-PertussisValidation.bib,6,0,1,1,1,0,0,1,0,0,1,1
output/Rudzicz (elXOB1sAAAAJ)/Mcburney2023-PertussisEstimates.bib,6,0,1,1,1,0,0,1,0,0,1,1
output/Rudzicz (elXOB1sAAAAJ)/Siddiqui2023-TraineeAssessment.bib,6,0,1,1,1,0,0,1,0,0,1,1
output/Rudzicz (elXOB1sAAAAJ)/Sahak2023-StateVectorFramework.bib,6,0,1,1,1,0,0,1,0,0,1,1
output/Rudzicz (elXOB1sAAAAJ)/Zhu2023-InformationMeasures.bib,5,0,1,1,0,0,0,1,0,0,1,1
output/Rudzicz (elXOB1sAAAAJ)/Khalid2023-WildNeRF.bib,5,0,1,0,1,0,0,1,0,0,1,1
output/Rudzicz (elXOB1sAAAAJ)/Jeong2023-SchizoSpeechNLP.bib,7,0,0,1,1,0,0,1,1,1,1,1
output/Rudzicz (elXOB1sAAAAJ)/Zhu2023-NaturalExplanations.bib,5,0,1,1,0,0,0,1,0,0,1,1
output/Rudzicz (elXOB1sAAAAJ)/Liaqat2023-SignalFilter.bib,0,0,0,0,0,0,0,0,0,0,0,0
output/Rudzicz (elXOB1sAAAAJ)/Khalid2023-SurGNNExplainability.bib,5,0,1,1,0,0,0,1,0,0,1,1
output/Rudzicz (elXOB1sAAAAJ)/Wang2023-LearningComparison.bib,6,0,1,1,1,0,0,1,0,0,1,1
output/Rudzicz (elXOB1sAAAAJ)/Vishnubhotla2023-QuoteAttribution.bib,6,0,1,1,1,0,0,1,0,0,1,1
output/Rudzicz (elXOB1sAAAAJ)/Latypov2023-AINeuropathicPain.bib,6,0,1,1,1,0,0,1,0,0,1,1
output/Rudzicz (elXOB1sAAAAJ)/Taghibeyglou2023-ClassicalAlzheimers.bib,6,0,1,1,1,0,0,1,0,0,1,1
output/Rudzicz (elXOB1sAAAAJ)/Lia2023-ORToneContext.bib,6,0,1,1,1,0,0,1,0,0,1,1
output/Rudzicz (elXOB1sAAAAJ)/Haiqi2023-AdverseEventDetection.bib,0,0,0,0,0,0,0,0,0,0,0,0
output/Rudzicz (elXOB1sAAAAJ)/Khalid2023-DynamicNeRF.bib,5,0,1,1,0,0,0,1,0,0,1,1
output/Rudzicz (elXOB1sAAAAJ)/Khalid2023-SurgicalPerformance.bib,0,0,0,0,0,0,0,0,0,0,0,0
output/Rudzicz (elXOB1sAAAAJ)/Mcburney2023-PertussisStandard.bib,6,0,1,1,1,0,0,1,0,0,1,1
output/Rudzicz (elXOB1sAAAAJ)/Obadinma2023-NeuralAgent.bib,4,0,0,1,0,0,0,1,0,0,1,1
output/Sajjad (t3BH6NkAAAAJ)/Rahimi2025-CrossEncoderAttribution.bib,6,0,1,1,1,0,0,1,0,0,1,1
output/Sajjad (t3BH6NkAAAAJ)/Badshah2024-LLMJudge.bib,4,0,0,1,0,0,0,1,0,0,1,1
output/Sajjad (t3BH6NkAAAAJ)/Singh2025-QuantizationEffects.bib,4,0,1,0,0,0,1,0,0,0,1,1
output/Sajjad (t3BH6NkAAAAJ)/Arps2025-SyntacticGeneralization.bib,4,0,1,1,0,0,0,0,0,0,1,1
output/Sajjad (t3BH6NkAAAAJ)/Adeeba2025-UrduBenchmark.bib,5,0,1,1,0,0,1,0,0,0,1,1
output/Sajjad (t3BH6NkAAAAJ)/Garg2025-ConceptDiscovery.bib,5,0,1,1,0,0,0,1,0,0,1,1
output/Sajjad (t3BH6NkAAAAJ)/Liaqat2025-ChameleonFramework.bib,5,0,0,1,1,0,0,1,0,0,1,1
output/Sajjad (t3BH6NkAAAAJ)/Gajo2025-ParametricEfficiency.bib,5,0,1,1,0,0,0,1,0,0,1,1
output/Sajjad (t3BH6NkAAAAJ)/Badshah2025-ToolAugmentedEvaluation.bib,4,0,1,1,0,0,0,0,0,0,1,1
output/Sajjad (t3BH6NkAAAAJ)/Badshah2025-LLMEvaluation.bib,5,0,0,0,1,0,0,1,0,1,1,1
output/Sajjad (t3BH6NkAAAAJ)/Haider2025-NeuronRanges.bib,4,0,0,1,0,0,0,1,0,0,1,1
output/Sajjad (t3BH6NkAAAAJ)/Rosati2025-SpectralLock.bib,1,0,1,0,0,0,0,0,0,0,0,0
output/Sajjad (t3BH6NkAAAAJ)/Rizwan2024-LexicalBiasResolution.bib,5,0,1,1,0,0,0,1,0,0,1,1
output/Sajjad (t3BH6NkAAAAJ)/Atanasov2024-RepresentationNoising.bib,5,0,0,1,1,0,0,1,0,0,1,1
output/Sajjad (t3BH6NkAAAAJ)/Dumpala2024-SyntaxVision.bib,5,0,1,1,0,0,0,1,0,0,1,1
output/Sajjad (t3BH6NkAAAAJ)/Rosati2024-AttackDefense.bib,5,0,0,1,1,0,0,1,0,0,1,1
output/Sajjad (t3BH6NkAAAAJ)/Dumpala2024-PromptSensitivity.bib,4,0,0,1,0,0,0,1,0,0,1,1
output/Sajjad (t3BH6NkAAAAJ)/Sarvmaili2024-MachineUnlearningFeasibility.bib,1,0,1,0,0,0,0,0,0,0,0,0
output/Sajjad (t3BH6NkAAAAJ)/Rosati2024-FeedbackDefence.bib,5,0,1,1,0,0,0,1,0,0,1,1
output/Sajjad (t3BH6NkAAAAJ)/Rosati2024-ReverseDefense.bib,0,0,0,0,0,0,0,0,0,0,0,0
output/Sajjad (t3BH6NkAAAAJ)/Saeed2024-ModalityInvariant.bib,4,0,0,1,0,0,0,1,0,0,1,1
output/Sajjad (t3BH6NkAAAAJ)/Liaqat2024-MultimodalLearning.bib,4,0,1,1,0,0,0,0,0,0,1,1
output/Sajjad (t3BH6NkAAAAJ)/Arps2024-NonceTreebanks.bib,6,0,0,1,1,0,1,1,0,0,1,1
output/Sajjad (t3BH6NkAAAAJ)/Rosati2024-ModelEditing.bib,5,0,0,1,1,0,0,1,0,0,1,1
output/Sajjad (t3BH6NkAAAAJ)/Altinisik2024-IntrinsicAdversarial.bib,5,0,1,1,0,0,0,1,0,0,1,1
output/Sajjad (t3BH6NkAAAAJ)/Badshah2024-LLMCapabilities.bib,4,0,0,1,0,0,0,1,0,0,1,1
output/Sajjad (t3BH6NkAAAAJ)/Altinisik2024-LayeredDim.bib,0,0,0,0,0,0,0,0,0,0,0,0
output/Sajjad (t3BH6NkAAAAJ)/Yu2024-ConceptExplanation.bib,5,0,0,1,1,0,0,1,0,0,1,1
output/Sajjad (t3BH6NkAAAAJ)/Sarvmaili2024-KernelStein.bib,5,0,1,1,0,0,0,1,0,0,1,1
output/Sajjad (t3BH6NkAAAAJ)/Rosati2024-NoisyFineTuning.bib,0,0,0,0,0,0,0,0,0,0,0,0
output/Sajjad (t3BH6NkAAAAJ)/Idris2023-SerumDynamics.bib,1,0,0,1,0,0,0,0,0,0,0,0
output/Sajjad (t3BH6NkAAAAJ)/Dumpala2024-SugarcrepeSensitivity.bib,5,0,0,1,1,0,0,1,0,0,1,1
output/Sajjad (t3BH6NkAAAAJ)/Zhang2023-EmpiricalNLP.bib,1,0,1,0,0,0,0,0,0,0,0,0
output/Sajjad (t3BH6NkAAAAJ)/Sajjad2023-LatentConceptAnalysis.bib,1,0,1,0,0,0,0,0,0,0,0,0
output/Sajjad (t3BH6NkAAAAJ)/Dalvi2023-NeuroXLibrary.bib,6,0,0,1,1,0,1,1,0,0,1,1
output/Sajjad (t3BH6NkAAAAJ)/Dalvi2023-NxPlainDiscovery.bib,5,0,1,1,0,0,0,1,0,0,1,1
output/Sajjad (t3BH6NkAAAAJ)/Fan2023-NeuronInterpretations.bib,5,0,0,1,0,0,1,1,0,0,1,1
output/Sajjad (t3BH6NkAAAAJ)/Durrani2022-SalientNeurons.bib,5,0,0,1,0,0,1,1,0,0,1,1
output/Sajjad (t3BH6NkAAAAJ)/Sajjad2023-LayerDrop.bib,5,0,0,0,1,0,1,1,0,0,1,1
output/Sajjad (t3BH6NkAAAAJ)/Khalid2023-TrustyCode.bib,6,0,1,1,1,0,0,1,0,0,1,1
output/Sajjad (t3BH6NkAAAAJ)/Yu2023-UnknownDomains.bib,0,0,0,0,0,0,0,0,0,0,0,0
output/Sajjad (t3BH6NkAAAAJ)/Alam2023-ConceptxFramework.bib,6,0,0,1,1,0,1,1,0,0,1,1
output/Sajjad (t3BH6NkAAAAJ)/Altinisik2023-AdversarialRobustness.bib,5,0,0,1,1,0,0,1,0,0,1,1
output/Sampalli (UCVetfAAAAAJ)/Purcell2025-AdaptiveSensing.bib,6,0,1,1,1,0,0,1,0,0,1,1
output/Sampalli (UCVetfAAAAAJ)/Zaman2025-ForestFireDetection.bib,6,0,1,1,1,0,0,1,0,0,1,1
output/Sampalli (UCVetfAAAAAJ)/Dhindsa2025-WildfireNet.bib,6,0,1,1,1,0,0,1,0,0,1,1
output/Sampalli (UCVetfAAAAAJ)/Das2025-WildfireGNN.bib,6,0,1,1,1,0,0,1,0,0,1,1
output/Sampalli (UCVetfAAAAAJ)/Mutakabbir2025-ForestFiresCanada.bib,6,0,1,1,1,0,0,1,0,0,1,1
output/Sampalli (UCVetfAAAAAJ)/Awaisi2025-SharedEncoderTransformer.bib,6,0,1,1,1,0,0,1,0,0,1,1
output/Sampalli (UCVetfAAAAAJ)/Awaisi2025-DtGainImputation.bib,6,0,1,1,1,0,0,1,0,0,1,1
output/Sampalli (UCVetfAAAAAJ)/Zhao2025-AutismCare.bib,1,0,1,0,0,0,0,0,0,0,0,0
output/Sampalli (UCVetfAAAAAJ)/Manzano2025-IntrusionDetection.bib,6,0,1,1,1,0,0,1,0,0,1,1
output/Sampalli (UCVetfAAAAAJ)/Zhang2025-WirelessIDS.bib,6,0,1,1,1,0,0,1,0,0,1,1
output/Sampalli (UCVetfAAAAAJ)/Nasirinejad2025-DigitalTwinSME.bib,6,0,1,1,1,0,0,1,0,0,1,1
output/Sampalli (UCVetfAAAAAJ)/Asif2025-RiskEnsemble.bib,6,0,1,1,1,0,0,1,0,0,1,1
output/Sampalli (UCVetfAAAAAJ)/Nasirinejad2025-Maintenance40.bib,6,0,1,1,1,0,0,1,0,0,1,1
output/Sampalli (UCVetfAAAAAJ)/Mutakabbir2025-ForestFireSampling.bib,6,0,1,1,1,0,0,1,0,0,1,1
output/Sampalli (UCVetfAAAAAJ)/Gharaei2024-RGCNet.bib,6,0,1,1,1,0,0,1,0,0,1,1
output/Sampalli (UCVetfAAAAAJ)/Yerramilli2025-EAPPWDAuthentication.bib,5,0,1,0,1,0,0,1,0,0,1,1
output/Sampalli (UCVetfAAAAAJ)/Upadhyay2024-SCADATestBench.bib,5,0,0,1,1,0,0,1,0,0,1,1
output/Sampalli (UCVetfAAAAAJ)/Purcell2024-WildlandFireRisk.bib,6,0,1,1,1,0,0,1,0,0,1,1
output/Sampalli (UCVetfAAAAAJ)/Gaikwad2024-PediatricPainCare.bib,6,0,1,1,1,0,0,1,0,0,1,1
output/Sampalli (UCVetfAAAAAJ)/Soltani2024-TangleMLDefense.bib,6,0,1,1,1,0,0,1,0,0,1,1
output/Sampalli (UCVetfAAAAAJ)/Awaisi2024-IndustrialAIoT.bib,5,0,0,1,1,0,0,1,0,0,1,1
output/Sampalli (UCVetfAAAAAJ)/Mutakabbir2024-FederatedSTAS.bib,6,0,1,1,1,0,0,1,0,0,1,1
output/Sampalli (UCVetfAAAAAJ)/Zhang2024-HybridIDS.bib,6,0,1,1,1,0,0,1,0,0,1,1
output/Sampalli (UCVetfAAAAAJ)/Ghosh2024-QuantumSCADA.bib,5,0,0,1,1,0,0,1,0,0,1,1
output/Sampalli (UCVetfAAAAAJ)/Nasirinejad2024-SmartMaintenance.bib,6,0,1,1,1,0,0,1,0,0,1,1
output/Sampalli (UCVetfAAAAAJ)/Tavakoli2024-FireClassification.bib,6,0,1,1,1,0,0,1,0,0,1,1
output/Sampalli (UCVetfAAAAAJ)/Awaisi2023-IotLifePrediction.bib,6,0,1,1,1,0,0,1,0,0,1,1
output/Sampalli (UCVetfAAAAAJ)/Kaur2023-BigDataForestFire.bib,5,0,0,1,1,0,0,1,0,0,1,1
output/Sampalli (UCVetfAAAAAJ)/Purcell2023-FederatedForestFire.bib,5,0,0,1,1,0,0,1,0,0,1,1
output/Sampalli (UCVetfAAAAAJ)/Fei2023-IotSecurity.bib,5,0,0,1,1,0,0,1,0,0,1,1
output/Sampalli (UCVetfAAAAAJ)/Loginov2023-IoTDataExhaust.bib,6,0,1,1,1,0,0,1,0,0,1,1
output/Sampalli (UCVetfAAAAAJ)/Mutakabbir2024-FirePrediction.bib,5,0,0,1,1,0,0,1,0,0,1,1
output/Sampalli (UCVetfAAAAAJ)/Zaman2023-DistributedCommunication.bib,0,0,0,0,0,0,0,0,0,0,0,0
output/Sampalli (UCVetfAAAAAJ)/Aldenaini2022-MobilePersuasion.bib,5,0,0,1,1,0,0,1,0,0,1,1
output/Sampalli (UCVetfAAAAAJ)/Upadhyay2023-GridGAN.bib,5,0,0,1,1,0,0,1,0,0,1,1
output/Sampalli (UCVetfAAAAAJ)/Mutakabbir2023-FirePrediction.bib,5,0,0,1,1,0,0,1,0,0,1,1
output/Sampalli (UCVetfAAAAAJ)/Nasirinejad2023-IoTConsumerBehavior.bib,6,0,1,1,1,0,0,1,0,0,1,1
output/Sampalli (UCVetfAAAAAJ)/Ghosh2023-QuantumSafe.bib,1,0,1,0,0,0,0,0,0,0,0,0
output/Shakeri (iriAIgsAAAAJ)/Shakeri2024-PassiveCoPresence.bib,5,0,0,1,1,0,0,1,0,0,1,1
output/Shakeri (iriAIgsAAAAJ)/Shakeri2024-SmartPresence.bib,5,0,0,1,1,0,0,1,0,0,1,1
output/Shakeri (iriAIgsAAAAJ)/Shakeri2023-ParentConnect.bib,5,0,0,1,1,0,0,1,0,0,1,1
output/Sharma (VHjAIe8AAAAJ)/Mehditabar2025-LLMAccuracyEnergy.bib,3,0,0,1,0,0,0,0,0,0,1,1
output/Sharma (VHjAIe8AAAAJ)/Jahan2025-AttentionFaults.bib,1,0,0,0,0,0,0,1,0,0,0,0
output/Sharma (VHjAIe8AAAAJ)/Rajput2025-GreenAI.bib,3,0,0,1,0,0,0,0,0,0,1,1
output/Sharma (VHjAIe8AAAAJ)/Spadon2025-CommunityClimateAdaptation.bib,5,0,0,1,1,0,0,1,0,0,1,1
output/Sharma (VHjAIe8AAAAJ)/Saad2025-TokenMerge.bib,3,0,0,1,0,0,0,0,0,0,1,1
output/Sharma (VHjAIe8AAAAJ)/Saad2025-SENAIgenerativeAI.bib,4,0,0,1,0,0,0,1,0,0,1,1
output/Sharma (VHjAIe8AAAAJ)/Rahman2025-FeatureUsage.bib,5,0,0,1,1,0,0,1,0,0,1,1
output/Sharma (VHjAIe8AAAAJ)/Palit2025-CodeRefactor.bib,0,0,0,0,0,0,0,0,0,0,0,0
output/Sharma (VHjAIe8AAAAJ)/Nunes2025-MaRVDataset.bib,5,0,0,1,1,0,0,1,0,0,1,1
output/Sharma (VHjAIe8AAAAJ)/Saad2025-GreenPruning.bib,5,0,0,1,1,0,0,1,0,0,1,1
output/Sharma (VHjAIe8AAAAJ)/Boloori2025-DPySmellDetector.bib,5,0,0,1,1,0,0,1,0,0,1,1
output/Sharma (VHjAIe8AAAAJ)/Sobhani2025-ReproducibilitySmells.bib,5,0,0,1,1,0,0,1,0,0,1,1
output/Sharma (VHjAIe8AAAAJ)/Palit2024-RefactorRL.bib,4,0,0,1,0,0,0,1,0,0,1,1
output/Sharma (VHjAIe8AAAAJ)/Lopez2025-LeakageDetection.bib,5,0,0,1,1,0,0,1,0,0,1,1
output/Sharma (VHjAIe8AAAAJ)/Rahman2024-FeatureToggleComplexity.bib,5,0,0,1,1,0,0,1,0,0,1,1
output/Sharma (VHjAIe8AAAAJ)/Mandli2025-CommitDelta.bib,5,0,0,1,1,0,0,1,0,0,1,1
output/Sharma (VHjAIe8AAAAJ)/Saad2024-GraphDSL.bib,4,0,0,1,0,0,0,1,0,0,1,1
output/Sharma (VHjAIe8AAAAJ)/Vijayvargiya2024-CodeNaming.bib,5,0,0,1,1,0,0,1,0,0,1,1
output/Sharma (VHjAIe8AAAAJ)/Rajput2024-EnergyMeasure.bib,5,0,0,1,1,0,0,1,0,0,1,1
output/Sharma (VHjAIe8AAAAJ)/Spinellis2024-BrokenWindows.bib,5,0,0,1,1,0,0,1,0,0,1,1
output/Sharma (VHjAIe8AAAAJ)/Rajput2024-QuantizationEfficiency.bib,5,0,0,1,1,0,0,1,0,0,1,1
output/Sharma (VHjAIe8AAAAJ)/Rajput2024-TensorFlowEnergy.bib,5,0,0,1,1,0,0,1,0,0,1,1
output/Sharma (VHjAIe8AAAAJ)/Saad2024-AttentionNaturalness.bib,5,0,0,1,1,0,0,1,0,0,1,1
output/Sharma (VHjAIe8AAAAJ)/Sharma2024-DesigniteScale.bib,5,0,0,1,1,0,0,1,0,0,1,1
output/Sharma (VHjAIe8AAAAJ)/Sharma2024-CodeLLMs.bib,4,0,0,0,1,0,0,1,0,0,1,1
output/Sharma (VHjAIe8AAAAJ)/Sharma2024-CodeML.bib,5,0,0,1,1,0,0,1,0,0,1,1
output/Sharma (VHjAIe8AAAAJ)/Sharma2023-TestabilityPerception.bib,5,0,0,1,1,0,0,1,0,0,1,1
output/Sharma (VHjAIe8AAAAJ)/Rajput2023-FineGrainedEnergy.bib,0,0,0,0,0,0,0,0,0,0,0,0
output/Sharma (VHjAIe8AAAAJ)/Palit2023-CodeRefactor.bib,5,0,0,1,1,0,0,1,0,0,1,1
output/Sharma (VHjAIe8AAAAJ)/Shah2023-MetricFusion.bib,5,0,0,1,1,0,0,1,0,0,1,1
output/Sharma (VHjAIe8AAAAJ)/Nanadani2023-CodeSmellCalibration.bib,5,0,0,1,1,0,0,1,0,0,1,1
output/Sharma (VHjAIe8AAAAJ)/Nandani2023-CodeSmellsDataset.bib,5,0,0,1,1,0,0,1,0,0,1,1
output/Sharma (VHjAIe8AAAAJ)/Spinellis2023-BrokenWindowsReplication.bib,0,0,0,0,0,0,0,0,0,0,0,0
output/Spadon (bfdGsGUAAAAJ)/Spadon2025-InvasivePathways.bib,5,0,0,1,0,0,1,1,0,0,1,1
output/Spadon (bfdGsGUAAAAJ)/Spadon2025-CommunityClimateAdaptation.bib,6,0,0,1,1,0,1,1,0,0,1,1
output/Spadon (bfdGsGUAAAAJ)/Alam2025-VesselPredict.bib,4,0,0,1,0,0,1,0,0,0,1,1
output/Spadon (bfdGsGUAAAAJ)/Vaidheeswaran2025-GoalNav.bib,4,0,0,1,0,0,1,0,0,0,1,1
output/Spadon (bfdGsGUAAAAJ)/Silva2025-HealthSurveillance.bib,5,0,0,1,1,0,0,1,0,0,1,1
output/Spadon (bfdGsGUAAAAJ)/Spadon2025-MaritimeMarkovian.bib,5,0,0,1,0,0,1,1,0,0,1,1
output/Spadon (bfdGsGUAAAAJ)/Carlini2025-PortDynamics.bib,6,0,0,1,1,0,1,1,0,0,1,1
output/Spadon (bfdGsGUAAAAJ)/Alam2025-VesselDynamics.bib,6,0,0,1,1,0,1,1,0,0,1,1
output/Spadon (bfdGsGUAAAAJ)/Spadon2025-VesselMarkovian.bib,0,0,0,0,0,0,0,0,0,0,0,0
output/Spadon (bfdGsGUAAAAJ)/Spadon2024-MaritimeAIS.bib,5,0,0,1,1,0,0,1,0,0,1,1
output/Spadon (bfdGsGUAAAAJ)/Spadon2024-VesselForecasting.bib,5,0,0,1,1,0,0,1,0,0,1,1
output/Spadon (bfdGsGUAAAAJ)/Alam2024-ClusterPredict.bib,5,0,0,1,1,0,0,1,0,0,1,1
output/Spadon (bfdGsGUAAAAJ)/Song2024-MaritimeGravity.bib,8,0,0,1,1,0,1,1,1,1,1,1
output/Spadon (bfdGsGUAAAAJ)/Spadon2024-GravityFlow.bib,4,0,0,0,1,0,0,1,0,0,1,1
output/Spadon (bfdGsGUAAAAJ)/Haranwala2023-TrajectoryAugment.bib,5,0,0,1,1,0,0,1,0,0,1,1
output/Spadon (bfdGsGUAAAAJ)/Spadon2023-AITransmissionBehavior.bib,6,0,0,1,1,0,1,1,0,0,1,1
output/Spadon (bfdGsGUAAAAJ)/Spadon2023-MaritimeForecasting.bib,1,0,0,1,0,0,0,0,0,0,0,0
output/Tang (VhWYfm8AAAAJ)/Wang2025-ImageIDS.bib,0,0,0,0,0,0,0,0,0,0,0,0
output/Tang (VhWYfm8AAAAJ)/Wang2025-TrafficGen.bib,0,0,0,0,0,0,0,0,0,0,0,0
output/Tang (VhWYfm8AAAAJ)/Ding2025-SatelliteNomaOptimization.bib,5,0,0,1,1,0,0,1,0,0,1,1
output/Tang (VhWYfm8AAAAJ)/Liu2025-GraphRL.bib,5,0,0,1,1,0,0,1,0,0,1,1
output/Tang (VhWYfm8AAAAJ)/Khawam2025-CognitiveBandit.bib,5,0,0,1,1,0,0,1,0,0,1,1
output/Tang (VhWYfm8AAAAJ)/Liu2025-ConnectedDecisionMaking.bib,5,0,0,1,1,0,0,1,0,0,1,1
output/Tang (VhWYfm8AAAAJ)/Liu2025-MVSTGHAT.bib,5,0,0,1,1,0,0,1,0,0,1,1
output/Tang (VhWYfm8AAAAJ)/Jia2024-IoVResourceAllocation.bib,5,0,0,1,1,0,0,1,0,0,1,1
output/Tang (VhWYfm8AAAAJ)/Wei2025-UAVEdgeLearning.bib,5,0,0,1,1,0,0,1,0,0,1,1
output/Tang (VhWYfm8AAAAJ)/Xu2023-RLChargingScheme.bib,5,0,0,1,1,0,0,1,0,0,1,1
output/Tang (VhWYfm8AAAAJ)/Wu2023-MmWaveD2D.bib,3,0,0,0,0,0,0,1,0,0,1,1
output/Trappenberg (EwkaTYEAAAAJ)/Singh2025-GranuleHyperexcitability.bib,6,0,1,1,1,0,0,1,0,0,1,1
output/Trappenberg (EwkaTYEAAAAJ)/Gillis2025-VarianceGating.bib,4,0,1,1,0,0,0,0,0,0,1,1
output/Trappenberg (EwkaTYEAAAAJ)/Leger2025-MnemonicDiscrimination.bib,6,0,1,1,1,0,0,1,0,0,1,1
output/Trappenberg (EwkaTYEAAAAJ)/Forbrigger2025-MotorIntentDetection.bib,6,0,1,1,1,0,0,1,0,0,1,1
output/Trappenberg (EwkaTYEAAAAJ)/Gillis2025-PlateletAggregates.bib,6,0,1,1,0,0,1,1,0,0,1,1
output/Trappenberg (EwkaTYEAAAAJ)/Gillis2025-SmallObjectDetection.bib,7,0,1,1,1,0,1,1,0,0,1,1
output/Trappenberg (EwkaTYEAAAAJ)/Gillis2025-BenthicUncertainty.bib,6,0,1,1,0,0,1,1,0,0,1,1
output/Trappenberg (EwkaTYEAAAAJ)/Lowe2025-BenthicNet.bib,7,0,0,1,1,0,0,1,1,1,1,1
output/Trappenberg (EwkaTYEAAAAJ)/Nunes2025-ElectroPatternCompletion.bib,5,0,1,0,1,0,0,1,0,0,1,1
output/Trappenberg (EwkaTYEAAAAJ)/Trappenberg2025-FoundationBrain.bib,4,0,0,0,1,0,0,1,0,0,1,1
output/Trappenberg (EwkaTYEAAAAJ)/Wang2024-InfoGeoPattern.bib,7,0,1,1,1,0,1,1,0,0,1,1
output/Trappenberg (EwkaTYEAAAAJ)/Xu2024-BenthicHabitatClassification.bib,7,0,1,1,1,0,1,1,0,0,1,1
output/Trappenberg (EwkaTYEAAAAJ)/Misiuk2024-SeabedMapping.bib,5,0,0,1,1,0,0,1,0,0,1,1
output/Trappenberg (EwkaTYEAAAAJ)/Madanlal2024-LithiumMnemonicDiscrimination.bib,7,0,0,1,1,0,0,1,1,1,1,1
output/Trappenberg (EwkaTYEAAAAJ)/Singh2023-FrequencyPatternSeparation.bib,6,0,1,1,1,0,0,1,0,0,1,1
output/Trappenberg (EwkaTYEAAAAJ)/Hasan2024-LinkFailurePrediction.bib,5,0,0,1,0,0,1,1,0,0,1,1
output/Trappenberg (EwkaTYEAAAAJ)/Xu2024-SelfSupervisedProgress.bib,1,0,0,0,0,0,1,0,0,0,0,0
output/Trappenberg (EwkaTYEAAAAJ)/Petzi2023-GammaSustained.bib,0,0,0,0,0,0,0,0,0,0,0,0
output/Trappenberg (EwkaTYEAAAAJ)/Conrad2023-BloodMultiplexing.bib,1,0,1,0,0,0,0,0,0,0,0,0
output/Wehbe (UrFw3XEAAAAJ)/Ranapurwala2025-OptoKineticDrum.bib,5,0,0,1,1,0,0,1,0,0,1,1
output/Wehbe (UrFw3XEAAAAJ)/Buruk2025-EmergingVoices.bib,3,0,0,1,0,0,0,0,0,0,1,1
output/Wehbe (UrFw3XEAAAAJ)/Anvari2025-PrivacyAI.bib,4,0,0,1,0,0,1,0,0,0,1,1
output/Wehbe (UrFw3XEAAAAJ)/Ppali2025-WellbeingEntangled.bib,5,0,0,1,1,0,0,1,0,0,1,1
output/Wehbe (UrFw3XEAAAAJ)/Sunday2025-VrFeedback.bib,5,0,0,1,1,0,0,1,0,0,1,1
output/Wehbe (UrFw3XEAAAAJ)/Ayoola2025-PersonaSustainability.bib,6,0,0,1,1,0,1,1,0,0,1,1
output/Wehbe (UrFw3XEAAAAJ)/Sunday2024-VirtualTraining.bib,5,0,0,1,1,0,0,1,0,0,1,1
output/Wehbe (UrFw3XEAAAAJ)/Anvari2024-GameChange.bib,5,0,0,1,1,0,0,1,0,0,1,1
output/Wehbe (UrFw3XEAAAAJ)/Hoffmann2024-ThermalSketch.bib,5,0,0,1,1,0,0,1,0,0,1,1
output/Wehbe (UrFw3XEAAAAJ)/Wehbe2023-RealitySpectrum.bib,5,0,0,1,1,0,0,1,0,0,1,1
output/Wehbe (UrFw3XEAAAAJ)/Hoffmann2023-ThermalHaptic.bib,5,0,0,1,1,0,0,1,0,0,1,1
output/Wehbe (UrFw3XEAAAAJ)/Grady2023-EquitableCHI.bib,5,0,0,1,1,0,0,1,0,0,1,1
output/Whidden (itc4x9kAAAAJ)/Bravo2025-LiceDynamics.bib,5,0,0,1,1,0,0,1,0,0,1,1
output/Whidden (itc4x9kAAAAJ)/Evans2025-AlgaeMonitor.bib,3,0,0,1,0,0,0,0,0,0,1,1
output/Whidden (itc4x9kAAAAJ)/Ayyagari2025-FishPretrain.bib,3,0,0,0,1,0,0,0,0,0,1,1
output/Whidden (itc4x9kAAAAJ)/Kaikkonen2024-MarineDEI.bib,5,0,0,1,1,0,0,1,0,0,1,1
output/Whidden (itc4x9kAAAAJ)/Bravo2024-AquaData.bib,5,0,0,1,1,0,0,1,0,0,1,1
output/Whidden (itc4x9kAAAAJ)/Khan2024-AquaPredict.bib,5,0,0,1,1,0,0,1,0,0,1,1
output/Whidden (itc4x9kAAAAJ)/Peachey2024-VesselPerformance.bib,5,0,0,1,1,0,0,1,0,0,1,1
output/Whidden (itc4x9kAAAAJ)/Ayyagari2024-MarineDetect.bib,5,0,0,1,1,0,0,1,0,0,1,1
output/Whidden (itc4x9kAAAAJ)/Kess2024-AgeMaturity.bib,5,0,0,1,1,0,0,1,0,0,1,1
output/Whidden (itc4x9kAAAAJ)/Collienne2024-SubtreePruneRegraft.bib,7,0,0,1,1,0,0,1,1,1,1,1
output/Whidden (itc4x9kAAAAJ)/Molloy2023-DataAcquisition.bib,0,0,0,0,0,0,0,0,0,0,0,0
output/Whidden (itc4x9kAAAAJ)/Ayyagari2023-DeepWaterMonitor.bib,5,0,0,1,1,0,0,1,0,0,1,1
output/Wilde (lkAmFEEAAAAJ)/Dutta2025-SparseGPPathPlanning.bib,5,0,0,1,1,0,0,1,0,0,1,1
output/Wilde (lkAmFEEAAAAJ)/Botros2024-RegretPareto.bib,4,0,0,1,1,0,0,0,0,0,1,1
output/Wilde (lkAmFEEAAAAJ)/Wilde2024-MultiobjectiveAssignment.bib,6,0,0,1,1,0,1,1,0,0,1,1
output/Wilde (lkAmFEEAAAAJ)/Wilde2024-ScalarizedPlanning.bib,6,0,0,1,1,0,1,1,0,0,1,1
output/Wilde (lkAmFEEAAAAJ)/Dutta2023-SensorScheduling.bib,6,0,0,1,1,0,1,1,0,0,1,1
output/Wilde (lkAmFEEAAAAJ)/Wilde2023-FleetAllocation.bib,6,0,0,1,1,0,1,1,0,0,1,1
output/Wilde (lkAmFEEAAAAJ)/Botros2023-TaskWaitOptimization.bib,5,0,0,1,1,0,0,1,0,0,1,1
output/Wilde (lkAmFEEAAAAJ)/Dutta2023-RobotTours.bib,5,0,0,1,1,0,0,1,0,0,1,1
output/Wu (IdBlVPUAAAAJ)/Sabby2025-MutualInfoLearning.bib,4,0,0,1,0,0,0,1,0,0,1,1
output/Wu (IdBlVPUAAAAJ)/Rizwan2025-LexicalBiasResolution.bib,0,0,0,0,0,0,0,0,0,0,0,0
output/Wu (IdBlVPUAAAAJ)/Sarvmaili2024-KernelStein.bib,4,0,0,1,0,0,0,1,0,0,1,1
output/Wu (IdBlVPUAAAAJ)/Feng2025-ResponseFactuality.bib,5,0,0,1,1,0,0,1,0,0,1,1
output/Wu (IdBlVPUAAAAJ)/Castiglione2024-AdversarialTesting.bib,0,0,0,0,0,0,0,0,0,0,0,0
output/Wu (IdBlVPUAAAAJ)/Rizwan2024-InstanceDifficulty.bib,4,0,0,1,0,0,0,1,0,0,1,1
output/Wu (IdBlVPUAAAAJ)/Sarvmaili2024-MachineUnlearningFeasibility.bib,0,0,0,0,0,0,0,0,0,0,0,0
output/Wu (IdBlVPUAAAAJ)/Shah2024-EmotionFluctuations.bib,4,0,0,1,0,0,0,1,0,0,1,1
output/Wu (IdBlVPUAAAAJ)/Rizwan2024-LexicalBiasResolution.bib,4,0,0,1,0,0,0,1,0,0,1,1
output/Wu (IdBlVPUAAAAJ)/Wu2024-UserContentRecommendation.bib,0,0,0,0,0,0,0,0,0,0,0,0
output/Wu (IdBlVPUAAAAJ)/Luo2024-NeuralBasket.bib,4,0,0,1,0,0,0,1,0,0,1,1
output/Wu (IdBlVPUAAAAJ)/Sui2023-SelfProjectors.bib,4,0,0,1,0,0,0,1,0,0,1,1
output/Wu (IdBlVPUAAAAJ)/Wu2023-UserPreferenceTracking.bib,5,0,0,1,1,0,0,1,0,0,1,1
output/Wu (IdBlVPUAAAAJ)/Bouadjenek2023-StockPredict.bib,5,0,0,1,1,0,0,1,0,0,1,1
output/Ye (4OQaVGUAAAAJ)/Wei2025-AdaptiveVideoStreaming.bib,6,0,1,1,1,0,0,1,0,0,1,1
output/Ye (4OQaVGUAAAAJ)/Zhou2025-AgentAllocation.bib,6,0,1,1,1,0,0,1,0,0,1,1
output/Ye (4OQaVGUAAAAJ)/Wang2025-ForgettingMitigation.bib,6,0,1,1,1,0,0,1,0,0,1,1
output/Ye (4OQaVGUAAAAJ)/Wei2025-SlicePerformance.bib,6,0,1,1,1,0,0,1,0,0,1,1
output/Ye (4OQaVGUAAAAJ)/Mehraj2025-FeatureCorrelations.bib,6,0,1,1,1,0,0,1,0,0,1,1
output/Ye (4OQaVGUAAAAJ)/Li2025-SmartGridTwin.bib,6,0,1,1,1,0,0,1,0,0,1,1
output/Ye (4OQaVGUAAAAJ)/Awaisi2025-SharedEncoderTransformer.bib,6,0,1,1,1,0,0,1,0,0,1,1
output/Ye (4OQaVGUAAAAJ)/Awaisi2025-DtGainImputation.bib,5,0,0,1,1,0,0,1,0,0,1,1
output/Ye (4OQaVGUAAAAJ)/Zhang2025-DeterministicIntegration.bib,5,0,1,1,1,0,0,0,0,0,1,1
output/Ye (4OQaVGUAAAAJ)/Jadeja2025-TorDetection.bib,5,0,1,1,1,0,0,0,0,0,1,1
output/Ye (4OQaVGUAAAAJ)/Wang2025-SpaceAirMarineOffloading.bib,5,0,0,1,1,0,0,1,0,0,1,1
output/Ye (4OQaVGUAAAAJ)/Huang2025-SafetyCriticalOffloading.bib,5,0,0,1,1,0,0,1,0,0,1,1
output/Ye (4OQaVGUAAAAJ)/Niazmand2025-FaultDetectionOffloading.bib,5,0,0,1,1,0,0,1,0,0,1,1
output/Ye (4OQaVGUAAAAJ)/Wang2025-TaskOffloading.bib,5,0,0,1,1,0,0,1,0,0,1,1
output/Ye (4OQaVGUAAAAJ)/Ghosh2024-MEIDSTransfer.bib,6,0,1,1,1,0,0,1,0,0,1,1
output/Ye (4OQaVGUAAAAJ)/Wei2025-CoreSliceStream.bib,5,0,0,1,1,0,0,1,0,0,1,1
output/Ye (4OQaVGUAAAAJ)/Zhang2025-VNFSelection.bib,5,0,0,1,1,0,0,1,0,0,1,1
output/Ye (4OQaVGUAAAAJ)/Mahfujul2024-BackpressureRouting.bib,6,0,1,1,1,0,0,1,0,0,1,1
output/Ye (4OQaVGUAAAAJ)/Awaisi2024-IndustrialAIoT.bib,5,0,0,1,1,0,0,1,0,0,1,1
output/Ye (4OQaVGUAAAAJ)/Jiang2024-WorkloadAllocation.bib,5,0,0,1,1,0,0,1,0,0,1,1
output/Ye (4OQaVGUAAAAJ)/Liu2024-SophonIDS.bib,6,0,1,1,1,0,0,1,0,0,1,1
output/Ye (4OQaVGUAAAAJ)/Kibengemacleod2023-AdversarialRobustness.bib,5,0,0,1,1,0,0,1,0,0,1,1
output/Ye (4OQaVGUAAAAJ)/Xu2023-RLChargingScheme.bib,6,0,1,1,1,0,0,1,0,0,1,1
output/Ye (4OQaVGUAAAAJ)/Awaisi2023-IotLifePrediction.bib,5,0,0,1,1,0,0,1,0,0,1,1
output/Ye (4OQaVGUAAAAJ)/Li2023-Colslam.bib,5,0,0,1,1,0,0,1,0,0,1,1
output/Ye (4OQaVGUAAAAJ)/Liu2024-CellFreeMIMO.bib,5,0,0,1,1,0,0,1,0,0,1,1
output/Ye (4OQaVGUAAAAJ)/Li2023-FairSpectrumSharing.bib,5,0,0,1,1,0,0,1,0,0,1,1
output/Ye (4OQaVGUAAAAJ)/Wang2023-IotaSecureStorage.bib,5,0,0,1,1,0,0,1,0,0,1,1
output/Ye (4OQaVGUAAAAJ)/Pei2023-EdgeARCacheCompute.bib,5,0,0,1,1,0,0,1,0,0,1,1
output/Ye (4OQaVGUAAAAJ)/Zhou2023-DRLWorkloadAllocation.bib,5,0,0,1,1,0,0,1,0,0,1,1
output/Ye (4OQaVGUAAAAJ)/Cui2023-WassersteinGANAttack.bib,5,0,0,1,1,0,0,1,0,0,1,1
output/Ye (4OQaVGUAAAAJ)/Liu2023-EdgePlacement.bib,5,0,0,1,1,0,0,1,0,0,1,1
output/Ye (4OQaVGUAAAAJ)/Huang2023-RealtimeOffloading.bib,5,0,0,1,1,0,0,1,0,0,1,1
output/Zeh (GoTWlmgAAAAJ)/Weller2025-TreeWar.bib,6,0,1,1,0,0,1,1,0,0,1,1
output/Zeh (GoTWlmgAAAAJ)/Dempsey2024-MaxAgreementForests.bib,7,0,1,1,1,0,1,1,0,0,1,1
output/Zeh (GoTWlmgAAAAJ)/Hong2024-WaveletVirtue.bib,6,0,0,1,1,0,1,1,0,0,1,1
output/Zeh (GoTWlmgAAAAJ)/Dempsey2024-WildOrchardChase.bib,5,0,1,1,0,0,0,1,0,0,1,1
output/Zeh (GoTWlmgAAAAJ)/Deen2024-ParsimonyKernel.bib,5,0,0,1,1,0,0,1,0,0,1,1
output/Zeh (GoTWlmgAAAAJ)/Lyu2023-LocalEffectsDataStructures.bib,7,0,1,1,1,0,1,1,0,0,1,1
output/Zeh (GoTWlmgAAAAJ)/Saeidi2023-ContextWikification.bib,5,0,0,1,1,0,0,1,0,0,1,1
